id,area_m2,bedrooms,bathrooms,parking,stratum,year_built,neighborhood,price
1,152,4,2,1,4,2021,Bosa,478200000
2,142,4,3,1,3,1993,Kennedy,473000000
3,64,1,2,2,6,1991,Bosa,282000000
4,156,3,1,2,5,2021,Kennedy,469000000
5,121,2,2,0,2,2009,Bosa,392000000
6,70,4,3,0,2,2011,Bosa,325000000
7,152,2,3,0,1,2011,Suba,469000000
8,171,1,2,2,3,2021,Kennedy,490000000
9,124,4,1,2,4,2011,Suba,415000000
10,137,3,2,2,2,2005,Fontibón,442100000
11,166,2,1,0,1,1980,Suba,467000000
12,149,4,2,1,6,2021,Chapinero,483000000
13,153,1,3,2,3,1981,Teusaquillo,475000000
14,180,3,1,1,3,1996,Teusaquillo,512000000
15,199,2,1,1,1,2009,Usaquén,538200000
16,102,2,1,1,1,2018,Usaquén,344200000
17,51,4,3,0,4,1986,Suba,287000000
18,137,3,2,1,1,2006,Bosa,436800000
19,87,3,3,2,4,1988,Bosa,357400000
20,179,3,1,0,4,2001,Teusaquillo,503000000
21,70,3,2,2,5,2013,Chapinero,322500000
22,107,1,3,2,3,1980,Kennedy,377000000
23,71,3,1,0,6,1988,Chapinero,287000000
24,138,2,1,2,3,1999,Chapinero,426000000
25,98,2,3,2,3,1998,Suba,371000000
26,108,1,3,0,5,2015,Suba,371000000
27,64,2,3,2,4,2019,Fontibón,303800000
28,100,2,1,1,4,1983,Chapinero,344000000
29,157,3,3,2,1,1988,Bosa,494600000
30,104,2,1,1,5,2020,Bosa,348250000
31,113,1,3,2,1,2001,Chapinero,393000000
32,180,3,1,0,5,1997,Suba,505000000
33,100,4,1,0,1,1991,Suba,355000000
34,184,3,2,2,2,2021,Fontibón,536100000
35,70,1,3,0,3,2022,Fontibón,295000000
36,122,3,3,2,3,2018,Usaquén,432000000
37,67,3,1,0,6,1988,Teusaquillo,279000000
38,181,1,1,1,4,1985,Chapinero,496000000
39,138,3,1,2,6,1998,Bosa,435000000
40,109,1,2,1,2,1986,Chapinero,364750000
41,63,1,2,1,6,1995,Fontibón,275000000
42,58,4,1,2,3,1984,Fontibón,280000000
43,139,2,3,1,4,1995,Usaquén,450800000
44,102,2,3,2,2,1980,Teusaquillo,381600000
45,179,3,2,1,3,2016,Usaquén,524500000
46,133,3,2,2,1,2018,Bosa,431600000
47,141,4,1,2,5,1998,Teusaquillo,458000000
48,160,4,3,0,2,2016,Kennedy,505000000
49,57,4,1,2,4,1996,Chapinero,287000000
50,84,1,2,2,6,2005,Usaquén,334000000
51,130,4,3,1,6,2001,Fontibón,454000000
52,99,4,3,2,2,1987,Usaquén,394700000
53,153,3,2,0,4,2012,Kennedy,466000000
54,181,4,1,1,2,1981,Usaquén,522850000
55,51,1,1,1,4,2009,Chapinero,236000000
56,183,1,3,0,6,1999,Kennedy,521000000
57,103,3,2,1,3,1997,Fontibón,370500000
58,155,4,3,1,1,2022,Fontibón,498600000
59,53,4,2,1,3,1989,Suba,281000000
60,103,1,1,1,1,2003,Kennedy,334200000
61,195,4,2,0,6,1983,Suba,560000000
62,93,4,1,0,3,2016,Suba,341000000
63,63,4,2,1,3,1983,Chapinero,303500000
64,144,2,3,1,2,1992,Usaquén,458850000
65,97,3,1,0,5,2004,Fontibón,339000000
66,64,2,3,0,6,1992,Fontibón,293000000
67,89,3,3,0,4,1997,Usaquén,353000000
68,131,1,1,1,6,2003,Fontibón,396000000
69,160,4,1,1,4,1981,Usaquén,482800000
70,102,3,3,2,4,2012,Kennedy,388600000
71,73,2,3,0,1,1998,Chapinero,311000000
72,173,4,3,1,4,1988,Chapinero,540000000
73,90,1,3,0,4,2007,Bosa,335000000
74,64,3,1,1,2,2014,Chapinero,279750000
75,94,3,1,0,3,2018,Usaquén,333000000
76,114,3,3,1,6,1989,Bosa,410000000
77,138,4,2,2,6,1980,Usaquén,472000000
78,120,2,2,2,4,2021,Teusaquillo,406800000
79,58,2,1,0,5,2000,Bosa,251000000
80,137,3,3,1,6,1988,Fontibón,458000000
81,178,1,3,1,4,1994,Fontibón,516400000
82,185,1,1,0,1,2014,Teusaquillo,495000000
83,112,2,2,1,1,1984,Teusaquillo,379600000
84,188,1,2,0,1,2020,Chapinero,516000000
85,130,2,2,1,4,2001,Teusaquillo,418400000
86,185,3,1,0,2,2020,Usaquén,515000000
87,82,2,2,1,5,2002,Suba,321500000
88,172,2,1,0,4,1986,Usaquén,479000000
89,54,3,1,1,2,2002,Bosa,256150000
90,90,1,3,2,2,2004,Teusaquillo,347600000
91,77,2,2,1,6,2006,Fontibón,313000000
92,184,2,1,0,4,2020,Usaquén,503000000
93,121,3,2,2,4,1985,Fontibón,412800000
94,61,1,2,1,2,2013,Usaquén,267850000
95,82,2,3,2,2,1988,Fontibón,337100000
96,97,3,2,1,2,2012,Kennedy,357600000
97,111,2,3,2,6,1985,Usaquén,413000000
98,86,4,1,0,4,2016,Bosa,327000000
99,148,3,2,1,2,2010,Fontibón,460050000
100,153,1,1,1,1,2013,Suba,435000000
101,84,1,2,0,4,2020,Bosa,308000000
102,150,1,1,2,6,2008,Chapinero,455000000
103,180,1,2,0,1,1993,Usaquén,500000000
104,50,2,2,0,3,2015,Suba,250000000
105,54,2,2,2,4,2015,Chapinero,276000000
106,191,1,2,0,3,1994,Usaquén,522000000
107,152,1,2,1,2,1987,Suba,448500000
108,76,1,2,1,6,2005,Suba,302000000
109,186,2,2,1,2,2015,Bosa,525150000
110,64,1,2,0,6,2000,Kennedy,268000000
111,139,1,2,1,5,2007,Suba,425500000
112,91,4,1,1,2,1983,Kennedy,340600000
113,173,4,3,1,3,1995,Teusaquillo,538000000
114,112,1,2,1,6,2001,Bosa,371000000
115,145,3,3,1,2,1991,Fontibón,469050000
116,101,1,2,1,4,1995,Bosa,346200000
117,145,4,2,0,6,2019,Chapinero,460000000
118,181,3,1,1,6,2017,Fontibón,516000000
119,192,3,1,1,2,2021,Fontibón,533050000
120,78,1,3,2,5,2016,Kennedy,323000000
121,85,4,1,0,2,2008,Fontibón,325000000
122,62,4,1,0,3,1997,Suba,279000000
123,120,3,3,0,3,1989,Kennedy,415000000
124,135,1,1,0,6,2021,Fontibón,395000000
125,77,2,2,1,6,2018,Kennedy,312000000
126,115,2,3,1,2,1997,Teusaquillo,401300000
127,94,4,3,2,3,1980,Kennedy,381000000
128,111,2,2,2,3,2018,Usaquén,385000000
129,183,4,1,0,5,2000,Suba,521000000
130,77,4,3,2,4,1980,Chapinero,357000000
131,77,4,3,2,5,1994,Usaquén,358500000
132,157,2,2,0,1,1983,Usaquén,464000000
133,93,4,2,0,5,1999,Usaquén,356000000
134,133,3,1,2,2,1989,Fontibón,419100000
135,79,1,3,1,4,2002,Kennedy,317800000
136,124,1,1,2,2,2020,Kennedy,380200000
137,177,4,1,2,1,2013,Bosa,514600000
138,141,1,2,1,4,2012,Fontibón,427400000
139,178,2,3,1,6,2013,Suba,531000000
140,170,2,3,0,3,2018,Fontibón,505000000
141,76,1,3,0,5,1989,Fontibón,307000000
142,170,2,2,2,2,1999,Fontibón,498100000
143,165,1,2,1,1,1980,Suba,474000000
144,52,1,2,0,3,1992,Bosa,244000000
145,152,1,2,2,5,1980,Suba,459000000
146,186,4,2,1,3,1984,Teusaquillo,549000000
147,111,1,3,2,5,1995,Bosa,387500000
148,100,4,1,0,6,1994,Teusaquillo,355000000
149,108,1,3,0,4,2007,Teusaquillo,371000000
150,167,1,1,1,3,2010,Teusaquillo,466000000
151,145,1,2,2,3,2002,Kennedy,438000000
152,162,2,1,1,3,2022,Usaquén,465500000
153,111,4,3,0,4,1996,Usaquén,407000000
154,101,4,3,0,1,2013,Teusaquillo,387000000
155,61,1,1,2,5,1992,Teusaquillo,268000000
156,88,1,2,2,6,1993,Chapinero,346000000
157,179,2,2,2,3,1990,Usaquén,521000000
158,180,2,3,1,4,2007,Chapinero,534000000
159,162,2,1,2,1,2021,Bosa,464600000
160,150,4,2,2,5,2011,Chapinero,492500000
161,162,4,2,0,4,2014,Fontibón,494000000
162,130,4,3,0,6,2010,Kennedy,445000000
163,162,1,2,2,6,1996,Bosa,478000000
164,51,4,1,2,5,1988,Suba,272000000
165,179,3,3,0,3,1989,Usaquén,533000000
166,103,3,3,2,6,1987,Teusaquillo,409000000
167,136,2,1,1,1,2000,Bosa,409800000
168,178,4,3,1,4,1992,Teusaquillo,549400000
169,196,3,2,1,1,1984,Suba,556000000
170,175,2,2,2,3,1985,Bosa,507000000
171,179,4,1,0,1,2009,Usaquén,513000000
172,102,1,2,2,1,2010,Bosa,349600000
173,117,3,1,2,2,1996,Teusaquillo,391600000
174,172,1,1,0,1,1990,Teusaquillo,469000000
175,194,4,2,0,5,1999,Fontibón,558000000
176,87,3,1,0,4,1988,Chapinero,319000000
177,73,4,2,1,2,1981,Bosa,319150000
178,118,1,3,2,4,2016,Teusaquillo,407800000
179,165,3,3,0,4,1980,Kennedy,505000000
180,147,1,1,2,3,1983,Usaquén,432000000
181,188,4,2,1,3,2015,Kennedy,550000000
182,193,4,2,1,2,2004,Suba,560500000
183,146,1,3,0,6,1982,Bosa,447000000
184,173,3,3,0,3,1988,Fontibón,521000000
185,119,1,2,2,3,2001,Usaquén,391000000
186,142,4,1,0,3,2002,Fontibón,439000000
187,52,1,3,2,4,1991,Chapinero,277000000
188,197,4,1,0,2,1989,Teusaquillo,549000000
189,196,1,1,2,4,2013,Usaquén,532600000
190,139,3,3,2,5,2022,Suba,468000000
191,196,3,1,2,4,1989,Bosa,545400000
192,197,1,1,2,5,2009,Chapinero,541500000
193,145,1,2,1,1,2001,Chapinero,436000000
194,101,3,1,2,1,1985,Fontibón,354200000
195,177,4,2,0,5,1981,Chapinero,524000000
196,88,3,3,1,5,2009,Usaquén,360750000
197,131,4,3,1,4,1981,Fontibón,452400000
198,153,1,2,2,5,2011,Chapinero,468500000
199,178,1,3,1,2,2021,Bosa,514150000
200,60,4,1,2,1,1995,Suba,283000000
201,91,1,1,0,1,1991,Bosa,307000000
202,148,4,1,2,6,1980,Kennedy,467000000
203,56,2,3,1,5,1987,Usaquén,286750000
204,193,3,1,0,3,1992,Suba,531000000
205,139,2,3,2,3,1994,Suba,453000000
206,161,4,1,0,5,1987,Fontibón,477000000
207,109,3,2,0,2,1989,Teusaquillo,378000000
208,162,4,3,1,3,1984,Fontibón,513500000
209,51,3,3,0,6,1998,Usaquén,277000000
210,178,3,1,1,5,2017,Usaquén,510750000
211,97,3,3,0,2,1990,Fontibón,369000000
212,189,3,3,2,2,2022,Teusaquillo,565600000
213,86,4,2,0,4,1999,Bosa,342000000
214,58,3,2,2,2,1999,Fontibón,284100000
215,148,3,1,2,3,2000,Usaquén,454000000
216,196,2,2,0,3,1997,Teusaquillo,542000000
217,97,1,1,2,5,1989,Usaquén,338500000
218,180,1,1,0,5,2013,Teusaquillo,485000000
219,197,2,1,0,2,2005,Teusaquillo,529000000
220,103,2,3,2,6,2009,Fontibón,389000000
221,169,4,2,2,1,1988,Fontibón,515200000
222,165,4,1,1,4,2010,Fontibón,490400000
223,124,4,2,2,1,2021,Teusaquillo,429200000
224,162,2,1,1,2,1983,Teusaquillo,465300000
225,153,2,2,2,2,1985,Usaquén,467700000
226,133,3,2,0,1,1993,Suba,426000000
227,161,4,1,2,4,1983,Fontibón,487800000
228,148,4,3,0,1,2005,Kennedy,481000000
229,142,4,2,0,5,2018,Usaquén,454000000
230,195,1,3,0,3,1996,Usaquén,545000000
231,177,3,3,1,6,1998,Chapinero,544000000
232,159,4,1,2,5,1985,Fontibón,486500000
233,131,4,1,0,3,2008,Bosa,417000000
234,103,4,1,0,6,1990,Usaquén,361000000
235,117,1,2,1,6,1995,Chapinero,389000000
236,82,1,1,2,6,2009,Kennedy,305000000
237,191,2,1,2,2,2004,Kennedy,524200000
238,70,3,2,1,6,2019,Bosa,307000000
239,97,2,2,1,4,1990,Fontibón,349400000
240,197,3,1,2,1,1986,Teusaquillo,550200000
241,177,1,1,1,4,2005,Chapinero,488000000
242,185,4,1,2,1,2001,Teusaquillo,536200000
243,184,2,1,2,5,2004,Kennedy,515000000
244,194,4,3,0,5,1998,Kennedy,573000000
245,177,2,3,0,1,2010,Suba,519000000
246,82,1,1,2,4,2005,Suba,301000000
247,164,1,3,2,1,2021,Bosa,488600000
248,168,1,2,2,6,2020,Suba,496000000
249,71,2,3,2,2,2015,Suba,316000000
250,87,3,3,2,5,2002,Bosa,359500000
251,158,2,1,2,2,1992,Usaquén,462700000
252,100,3,3,1,6,2004,Suba,385000000
253,57,2,3,2,6,1981,Usaquén,305000000
254,76,2,3,1,5,1981,Usaquén,326750000
255,76,1,3,1,5,1995,Fontibón,313750000
256,70,4,2,2,6,1988,Usaquén,336000000
257,79,4,1,2,3,2007,Usaquén,326000000
258,146,3,1,1,2,1992,Suba,441500000
259,77,4,2,1,2,2014,Usaquén,329850000
260,160,2,3,2,3,2020,Teusaquillo,499000000
261,110,2,2,2,4,1992,Bosa,378400000
262,97,1,3,1,2,2010,Suba,353500000
263,196,1,2,1,1,2000,Bosa,534800000
264,53,4,1,1,6,2011,Chapinero,276000000
265,84,3,1,0,6,2013,Suba,313000000
266,98,4,1,1,3,1987,Usaquén,357500000
267,66,4,3,0,2,2020,Teusaquillo,317000000
268,95,4,3,2,4,1981,Bosa,383400000
269,166,4,2,2,2,2017,Suba,511000000
270,55,2,2,1,6,2011,Teusaquillo,274000000
271,148,3,1,2,5,2019,Bosa,451500000
272,173,2,3,2,1,2007,Chapinero,523000000
273,86,3,2,2,3,2016,Kennedy,340000000
274,73,1,3,2,5,2020,Chapinero,323500000
275,142,4,3,0,4,1980,Kennedy,469000000
276,95,2,1,0,5,2020,Fontibón,325000000
277,144,3,1,1,5,1989,Kennedy,439000000
278,148,1,3,1,4,1983,Fontibón,456400000
279,165,1,3,1,5,2014,Suba,492500000
280,116,4,3,2,3,1989,Fontibón,426000000
281,177,3,3,2,6,1990,Teusaquillo,557000000
282,67,2,1,0,2,1993,Fontibón,269000000
283,74,4,2,0,5,2017,Teusaquillo,318000000
284,103,2,1,1,3,1991,Bosa,344500000
285,107,1,2,0,2,1996,Bosa,354000000
286,116,2,3,0,2,1995,Kennedy,397000000
287,153,2,2,0,5,2014,Kennedy,456000000
288,73,4,1,0,3,1981,Kennedy,301000000
289,163,2,1,0,6,1990,Fontibón,461000000
290,81,4,3,1,5,2020,Kennedy,353000000
291,135,1,1,1,4,1982,Fontibón,400400000
292,176,4,3,0,2,2008,Fontibón,537000000
293,179,4,1,1,5,1997,Usaquén,522750000
294,66,3,1,2,2,1999,Usaquén,288700000
295,153,2,3,0,3,1993,Fontibón,471000000
296,186,1,2,2,1,2013,Bosa,517600000
297,92,4,1,1,5,2010,Teusaquillo,349500000
298,88,1,2,1,6,2019,Suba,326000000
299,75,3,1,2,5,2021,Chapinero,317500000
300,148,2,1,1,2,1997,Usaquén,436850000
301,99,4,1,0,3,2009,Fontibón,353000000
302,62,2,1,2,4,2004,Chapinero,277000000
303,109,3,2,0,6,1998,Usaquén,378000000
304,184,3,2,2,3,1987,Suba,538000000
305,106,1,1,1,5,2007,Teusaquillo,347500000
306,85,4,1,2,4,1987,Fontibón,335800000
307,69,1,2,2,3,2010,Suba,288000000
308,114,3,3,0,1,1982,Bosa,403000000
309,57,2,3,1,6,1982,Usaquén,292000000
310,193,1,2,0,2,2001,Fontibón,526000000
311,191,1,1,1,3,1996,Chapinero,514500000
312,164,2,1,0,3,2015,Bosa,463000000
313,192,1,3,2,1,1996,Bosa,544600000
314,141,2,3,0,5,1993,Kennedy,447000000
315,147,4,2,1,6,1988,Teusaquillo,478000000
316,115,2,3,1,6,2009,Bosa,402000000
317,81,4,2,2,2,2000,Usaquén,343700000
318,135,2,3,1,3,1991,Teusaquillo,442000000
319,100,3,3,0,4,2016,Fontibón,375000000
320,112,3,3,2,3,2011,Kennedy,407000000
321,174,4,1,1,2,1990,Suba,507500000
322,199,4,1,1,3,1999,Teusaquillo,560000000
323,107,3,1,0,1,2014,Chapinero,359000000
324,107,4,3,0,3,1990,Usaquén,399000000
325,135,2,2,2,3,1987,Chapinero,435000000
326,98,2,2,1,4,1983,Teusaquillo,354400000
327,119,3,2,0,1,2006,Kennedy,398000000
328,64,1,2,2,1,2019,Suba,276000000
329,103,2,1,1,3,2017,Suba,346000000
330,150,4,1,1,6,2009,Chapinero,470000000
331,57,1,3,2,4,2006,Fontibón,279800000
332,102,1,3,2,3,2000,Fontibón,368000000
333,109,2,2,0,3,1999,Kennedy,368000000
334,157,2,1,1,2,1983,Suba,453500000
335,54,1,2,1,2,1990,Chapinero,254750000
336,152,1,3,1,6,1992,Chapinero,474000000
337,55,3,3,2,4,1988,Chapinero,303000000
338,158,4,2,0,5,1983,Teusaquillo,486000000
339,165,3,3,1,2,1991,Kennedy,508600000
340,143,2,2,2,5,1988,Fontibón,449500000
341,96,3,1,1,1,1992,Fontibón,340600000
342,148,3,2,0,2,2005,Teusaquillo,456000000
343,104,3,1,1,2,2017,Usaquén,358850000
344,101,3,1,0,4,2021,Teusaquillo,347000000
345,193,4,3,0,6,1992,Kennedy,571000000
346,62,4,3,1,5,2018,Chapinero,320250000
347,163,1,3,1,2,2007,Teusaquillo,487300000
348,173,2,2,0,2,1998,Chapinero,496000000
349,155,3,2,2,4,2003,Kennedy,479600000
350,196,1,3,0,4,1998,Bosa,547000000
351,194,1,2,1,6,1992,Kennedy,536000000
352,169,1,3,1,5,1992,Suba,500500000
353,112,4,2,2,1,2007,Chapinero,406000000
354,68,3,1,0,6,1981,Fontibón,281000000
355,141,3,1,0,1,1989,Teusaquillo,427000000
356,107,2,3,0,3,2001,Bosa,379000000
357,139,3,2,1,2,1992,Kennedy,441600000
358,166,3,2,0,5,1988,Chapinero,492000000
359,111,1,1,2,6,2012,Bosa,361000000
360,72,2,1,1,2,1993,Usaquén,284850000
361,176,3,3,1,5,1999,Suba,534500000
362,186,4,1,0,5,1994,Usaquén,527000000
363,189,3,3,2,5,2011,Kennedy,565000000
364,178,1,1,1,2,2012,Usaquén,486850000
365,107,4,1,1,6,1996,Usaquén,382000000
366,171,1,2,0,4,2003,Suba,482000000
367,50,3,1,0,2,2009,Suba,245000000
368,83,4,1,2,5,1992,Suba,336000000
369,145,2,3,0,6,1995,Bosa,455000000
370,175,2,1,2,3,1981,Suba,495000000
371,167,4,3,1,1,1996,Usaquén,524200000
372,97,4,1,2,5,2011,Fontibón,362500000
373,138,1,1,2,3,2022,Fontibón,410000000
374,166,4,3,2,4,1987,Suba,529000000
375,178,1,2,1,5,1982,Bosa,501250000
376,65,3,3,0,3,1991,Teusaquillo,305000000
377,118,1,3,1,5,1999,Chapinero,402250000
378,71,4,3,0,2,1995,Kennedy,327000000
379,142,4,2,2,6,1993,Bosa,468000000
380,125,3,1,2,3,1995,Teusaquillo,409000000
381,193,4,3,2,6,2022,Kennedy,587000000
382,135,4,3,2,2,2012,Teusaquillo,467600000
383,78,2,2,2,2,2009,Teusaquillo,318600000
384,118,2,3,0,6,1991,Fontibón,401000000
385,96,3,1,0,3,1994,Chapinero,337000000
386,143,1,2,2,6,1997,Teusaquillo,454000000
387,193,2,1,1,6,2007,Suba,531000000
388,134,1,1,1,1,2002,Kennedy,396200000
389,88,4,2,2,3,1993,Bosa,353000000
390,149,2,3,0,1,2009,Fontibón,463000000
391,82,3,1,1,5,2012,Kennedy,315000000
392,150,3,1,1,6,1994,Suba,455000000
393,72,3,1,1,5,1986,Suba,296500000
394,59,2,1,2,3,1994,Teusaquillo,267000000
395,118,1,2,1,6,2021,Suba,386000000
396,149,4,2,1,5,2017,Chapinero,479250000
397,83,1,1,1,4,1990,Suba,297000000
398,187,1,3,1,2,2008,Teusaquillo,535300000
399,196,4,1,0,6,2010,Kennedy,547000000
400,145,4,3,2,2,2004,Suba,484000000
401,50,2,1,2,1,2003,Fontibón,242200000
402,118,2,3,0,5,1998,Bosa,401000000
403,53,2,1,0,1,1981,Fontibón,241000000
404,65,2,3,2,6,2001,Fontibón,313000000
405,73,2,1,1,2,1999,Kennedy,284600000
406,129,4,1,1,2,2012,Usaquén,418850000
407,51,1,3,2,5,1987,Bosa,267500000
408,177,2,2,1,6,2004,Fontibón,513000000
409,133,2,3,0,4,1988,Fontibón,431000000
410,189,1,2,1,4,2013,Usaquén,525800000
411,173,2,1,1,5,2002,Kennedy,487000000
412,82,1,3,1,6,1984,Bosa,326000000
413,150,1,3,2,5,2004,Fontibón,468500000
414,61,4,3,0,6,1987,Teusaquillo,307000000
415,116,3,2,1,1,1995,Kennedy,395200000
416,114,4,2,2,5,1994,Bosa,408500000
417,123,3,1,1,6,1980,Fontibón,400000000
418,92,3,2,0,4,2001,Fontibón,344000000
419,93,3,2,1,6,1982,Usaquén,359000000
420,78,2,1,0,6,2017,Bosa,291000000
421,190,4,3,1,5,1993,Teusaquillo,575500000
422,61,3,3,0,1,2015,Kennedy,297000000
423,144,1,1,1,1,1997,Suba,417000000
424,95,2,3,0,1,2020,Chapinero,355000000
425,179,4,2,1,1,1997,Teusaquillo,533600000
426,84,3,1,1,3,1982,Suba,318000000
427,130,1,1,2,5,1989,Teusaquillo,406000000
428,139,4,1,2,2,2018,Bosa,439300000
429,57,4,3,0,5,1980,Suba,299000000
430,142,2,1,1,3,2006,Bosa,422500000
431,139,4,1,0,1,2006,Suba,433000000
432,164,2,1,2,3,1990,Teusaquillo,477000000
433,154,3,3,0,4,1984,Usaquén,483000000
434,184,2,2,0,4,1986,Teusaquillo,518000000
435,107,1,1,2,5,1998,Bosa,349500000
436,163,2,2,1,5,2008,Teusaquillo,486500000
437,124,1,3,0,2,1994,Suba,403000000
438,169,2,3,2,2,2014,Chapinero,516500000
439,70,4,3,1,4,2016,Suba,331000000
440,187,3,3,2,1,1991,Fontibón,556200000
441,150,1,2,0,3,2009,Teusaquillo,440000000
442,148,2,1,1,2,1999,Kennedy,434600000
443,85,2,3,1,6,2016,Teusaquillo,349000000
444,145,2,3,2,2,1982,Usaquén,466700000
445,86,4,2,2,1,1988,Bosa,347600000
446,61,4,2,2,1,2020,Kennedy,298400000
447,162,1,3,1,5,2018,Suba,486500000
448,62,1,1,1,3,2005,Usaquén,255500000
449,72,4,1,0,1,1981,Teusaquillo,299000000
450,148,1,3,1,2,2002,Suba,455500000
451,154,3,2,0,2,2002,Suba,468000000
452,79,3,3,2,4,2000,Fontibón,343800000
453,66,4,3,2,1,1995,Fontibón,324200000
454,162,1,2,1,6,1988,Chapinero,479000000
455,111,2,3,2,5,1992,Fontibón,400500000
456,133,3,3,2,3,2007,Bosa,448000000
457,161,4,3,1,6,2006,Kennedy,515000000
458,135,1,2,0,5,1996,Suba,410000000
459,190,4,1,1,2,2017,Fontibón,539050000
460,68,2,1,0,6,2015,Chapinero,271000000
461,149,3,2,1,5,1980,Teusaquillo,468500000
462,189,4,1,1,2,1997,Kennedy,536600000
463,196,4,3,2,2,1988,Fontibón,585100000
464,125,4,1,1,2,1992,Suba,409500000
465,58,2,3,1,2,2019,Teusaquillo,287300000
466,77,4,1,0,2,1994,Bosa,309000000
467,177,2,2,2,4,2022,Suba,516000000
468,101,2,1,0,6,1983,Teusaquillo,337000000
469,132,2,1,0,5,2012,Bosa,399000000
470,160,3,1,2,4,2003,Bosa,473400000
471,193,3,2,2,4,2015,Kennedy,555600000
472,166,4,1,2,1,2020,Suba,495000000
473,118,4,2,1,1,1989,Fontibón,409600000
474,148,3,3,2,1,2015,Fontibón,478200000
475,189,1,1,2,3,1999,Chapinero,518000000
476,74,3,2,2,1,2020,Teusaquillo,319200000
477,172,2,2,0,5,1990,Chapinero,494000000
478,102,3,1,0,4,1991,Usaquén,349000000
479,193,2,3,1,5,1997,Fontibón,557750000
480,106,4,2,0,6,2009,Teusaquillo,382000000
481,88,1,1,1,1,2016,Kennedy,304200000
482,158,4,3,0,3,1999,Chapinero,501000000
483,91,2,2,2,6,2004,Kennedy,348000000
484,191,2,2,0,3,1991,Kennedy,532000000
485,171,2,3,1,6,2000,Kennedy,515000000
486,182,1,3,0,4,2004,Chapinero,519000000
487,124,3,1,2,5,1990,Usaquén,412500000
488,195,4,1,1,2,1988,Bosa,548150000
489,125,4,2,2,5,2004,Bosa,430500000
490,58,3,3,2,1,2014,Chapinero,303000000
491,123,4,3,1,2,2011,Bosa,434150000
492,194,1,3,2,3,1993,Suba,553000000
493,56,4,2,2,4,1980,Bosa,290400000
494,190,2,3,0,4,1996,Fontibón,545000000
495,186,3,3,2,3,2004,Chapinero,562000000
496,76,1,2,2,1,1987,Bosa,297600000
497,171,3,1,2,3,1984,Chapinero,502000000
498,54,1,1,2,6,1984,Usaquén,259000000
499,78,2,2,1,1,2020,Suba,310000000
500,132,3,3,0,2,2014,Chapinero,439000000
501,185,4,2,2,3,1998,Fontibón,549000000
502,158,1,1,2,1,2002,Bosa,446600000
503,114,3,1,1,2,1988,Fontibón,377050000
504,135,4,2,2,3,2009,Bosa,447000000
505,194,3,2,1,4,1995,Chapinero,557000000
506,120,3,1,0,3,2012,Kennedy,385000000
507,94,3,2,0,5,1981,Bosa,348000000
508,181,1,1,2,3,1993,Kennedy,495000000
509,85,4,2,2,5,1980,Suba,355000000
510,119,2,2,2,2,2005,Fontibón,396100000
511,68,1,2,1,3,2004,Kennedy,280000000
512,157,1,1,2,2,1995,Fontibón,447100000
513,140,1,2,2,2,1994,Bosa,426300000
514,139,2,1,0,1,2005,Bosa,413000000
515,68,4,1,2,2,1995,Suba,300000000
516,88,4,2,0,2,1993,Bosa,346000000
517,175,4,2,2,3,2008,Suba,530000000
518,190,3,1,0,3,2003,Kennedy,525000000
519,175,3,1,2,4,1994,Bosa,503400000
520,107,3,3,0,1,1998,Chapinero,389000000
521,197,2,1,1,2,1987,Teusaquillo,535300000
522,110,3,3,0,1,2013,Usaquén,395000000
523,176,2,3,0,5,1981,Teusaquillo,517000000
524,154,4,3,0,2,2006,Teusaquillo,493000000
525,50,3,2,2,1,1989,Fontibón,267200000
526,180,3,2,2,4,2014,Suba,532000000
527,141,1,1,2,4,2002,Fontibón,417800000
528,162,2,3,1,2,1987,Kennedy,492600000
529,105,4,2,1,5,2007,Usaquén,389750000
530,166,1,2,0,4,2002,Kennedy,472000000
531,183,1,2,1,4,1983,Chapinero,515000000
532,107,4,2,0,5,1993,Usaquén,384000000
533,93,1,2,0,1,2021,Fontibón,326000000
534,110,2,3,0,4,2008,Bosa,385000000
535,96,2,3,1,3,1980,Bosa,360500000
536,198,3,3,2,6,1983,Fontibón,589000000
537,129,1,3,1,6,2011,Kennedy,421000000
538,167,3,1,0,4,2012,Fontibón,479000000
539,196,1,3,0,1,2005,Fontibón,547000000
540,69,2,2,1,1,1996,Teusaquillo,293600000
541,195,2,3,0,2,2018,Chapinero,555000000
542,96,2,1,0,3,2002,Bosa,327000000
543,98,1,2,1,1,2011,Teusaquillo,341600000
544,63,2,3,1,5,1994,Fontibón,297750000
545,192,1,3,1,3,1992,Suba,544000000
546,50,3,3,0,6,1981,Teusaquillo,275000000
547,166,1,2,0,3,1998,Fontibón,472000000
548,103,3,2,2,5,2003,Bosa,376500000
549,167,1,1,2,4,2003,Fontibón,469800000
550,52,3,2,1,5,1990,Chapinero,275250000
551,193,2,2,2,5,2001,Kennedy,548000000
552,61,3,3,0,4,1994,Usaquén,297000000
553,123,2,2,2,4,1989,Teusaquillo,412800000
554,65,2,3,0,4,2020,Teusaquillo,295000000
555,151,3,3,1,4,2006,Teusaquillo,485400000
556,166,1,2,1,4,1988,Fontibón,477400000
557,57,1,1,0,5,2007,Chapinero,239000000
558,171,4,1,2,2,1980,Fontibón,505100000
559,141,1,2,1,2,1996,Fontibón,426050000
560,139,4,1,1,1,2010,Kennedy,436200000
561,185,1,3,2,2,1989,Suba,534000000
562,109,1,3,2,6,2016,Chapinero,403000000
563,77,2,2,0,2,2008,Teusaquillo,304000000
564,150,4,1,2,5,1997,Usaquén,474500000
565,90,1,1,2,4,2017,Teusaquillo,321800000
566,194,4,3,2,4,2018,Fontibón,583800000
567,190,2,2,0,5,1985,Chapinero,530000000
568,95,2,1,0,6,2019,Bosa,325000000
569,84,4,2,1,2,1991,Chapinero,344750000
570,183,2,1,0,5,1993,Chapinero,501000000
571,131,3,3,1,1,1989,Suba,441000000
572,164,3,3,2,4,1999,Teusaquillo,519800000
573,96,2,2,1,3,1994,Suba,347000000
574,59,3,3,1,1,2010,Bosa,295800000
575,105,1,1,2,6,1986,Bosa,349000000
576,79,4,3,1,1,2020,Kennedy,346200000
577,158,1,2,0,5,1989,Usaquén,456000000
578,54,4,2,0,2,1989,Kennedy,278000000
579,168,2,2,0,4,2018,Fontibón,486000000
580,82,1,1,0,6,2007,Suba,289000000
581,167,2,1,1,6,2009,Suba,479000000
582,114,2,1,1,3,2016,Kennedy,367000000
583,195,4,1,2,1,1982,Fontibón,552200000
584,60,4,1,1,3,2022,Chapinero,282500000
585,134,4,3,1,2,1994,Fontibón,457050000
586,75,1,1,1,2,2000,Teusaquillo,281300000
587,112,3,1,2,3,2016,Kennedy,377000000
588,135,4,3,0,4,1991,Fontibón,455000000
589,108,4,1,1,2,1983,Chapinero,377750000
590,76,1,2,2,3,1988,Fontibón,301000000
591,147,4,1,2,1,2018,Suba,457000000
592,154,1,1,2,3,2021,Usaquén,446000000
593,148,2,2,0,3,2007,Suba,446000000
594,178,4,2,1,5,2002,Bosa,531250000
595,198,4,2,2,2,2019,Usaquén,577700000
596,104,2,2,0,4,2001,Bosa,358000000
597,55,2,1,2,4,2003,Fontibón,255800000
598,144,2,2,2,5,2005,Teusaquillo,459000000
599,182,4,2,2,6,2009,Fontibón,552000000
600,151,3,3,2,4,2012,Chapinero,495000000
601,52,3,2,2,3,1995,Fontibón,273000000
602,72,3,2,0,5,2001,Usaquén,304000000
603,102,4,3,1,1,2022,Suba,393000000
604,132,2,3,1,2,1997,Teusaquillo,435300000
605,194,4,1,1,2,1986,Bosa,546150000
606,134,2,3,1,2,2005,Fontibón,437050000
607,127,4,1,0,3,1987,Fontibón,409000000
608,159,4,3,0,1,1985,Suba,503000000
609,50,2,3,0,5,2009,Teusaquillo,265000000
610,100,3,1,2,5,2018,Kennedy,357000000
611,53,2,3,2,2,2002,Bosa,277300000
612,162,1,1,2,1,2011,Fontibón,456200000
613,81,1,3,1,1,2001,Fontibón,320600000
614,83,2,2,2,1,2021,Kennedy,322400000
615,141,4,3,1,4,2022,Bosa,471200000
616,144,1,1,2,4,1988,Usaquén,428600000
617,121,1,3,1,2,2010,Usaquén,402850000
618,88,4,1,2,1,1986,Chapinero,343000000
619,167,4,1,2,6,1988,Suba,509000000
620,52,3,2,0,1,1992,Teusaquillo,264000000
621,172,4,2,2,5,1982,Fontibón,527500000
622,99,2,1,2,5,2014,Bosa,343500000
623,61,2,3,0,2,2012,Fontibón,287000000
624,103,3,1,1,6,2000,Chapinero,366000000
625,182,1,1,0,1,2010,Bosa,489000000
626,106,1,3,0,6,2013,Bosa,367000000
627,194,4,3,1,2,2011,Fontibón,577050000
628,161,2,3,2,5,2014,Suba,502000000
629,96,1,3,1,5,1994,Chapinero,358250000
630,134,3,1,2,4,2011,Suba,425000000
631,191,3,1,2,2,1985,Chapinero,540500000
632,115,2,2,1,2,2000,Fontibón,384050000
633,124,3,1,0,1,2012,Chapinero,393000000
634,152,3,3,1,1,2011,Usaquén,484200000
635,87,2,2,2,4,1998,Bosa,332400000
636,99,4,3,1,3,2012,Teusaquillo,390000000
637,147,4,1,1,6,2007,Fontibón,458000000
638,131,3,2,2,3,2010,Kennedy,430000000
639,79,4,3,0,3,2000,Teusaquillo,343000000
640,128,4,2,1,2,2013,Fontibón,430050000
641,140,3,2,2,6,1994,Teusaquillo,468000000
642,101,4,1,2,2,1993,Usaquén,368700000
643,128,3,3,1,6,1998,Teusaquillo,445000000
644,79,1,2,0,5,2022,Chapinero,298000000
645,155,2,2,1,2,1994,Teusaquillo,466300000
646,100,2,3,0,2,1985,Fontibón,365000000
647,130,4,2,0,2,1988,Kennedy,430000000
648,182,4,2,0,4,2016,Kennedy,534000000
649,78,4,2,0,2,1999,Suba,326000000
650,181,2,3,1,1,2013,Bosa,529800000
651,187,1,3,2,1,2017,Teusaquillo,540200000
652,194,1,3,2,6,2005,Kennedy,559000000
653,123,2,3,2,5,1997,Teusaquillo,432000000
654,66,1,1,2,4,2007,Bosa,265400000
655,133,2,2,2,6,1988,Kennedy,432000000
656,118,1,3,2,1,2011,Bosa,396600000
657,83,3,2,1,4,1985,Teusaquillo,334400000
658,55,3,2,0,4,1993,Fontibón,270000000
659,102,2,1,2,5,2007,Teusaquillo,360000000
660,175,1,3,1,4,2003,Bosa,509200000
661,92,4,3,2,2,1992,Fontibón,377100000
662,164,1,2,2,4,2022,Fontibón,478800000
663,160,3,3,0,5,1991,Suba,495000000
664,129,3,2,0,6,1998,Kennedy,418000000
665,144,1,2,0,5,2000,Chapinero,428000000
666,167,1,1,2,5,2006,Fontibón,472500000
667,193,4,1,2,1,1998,Bosa,546600000
668,57,4,1,2,2,2003,Kennedy,276200000
669,181,1,2,0,1,2005,Usaquén,502000000
670,153,1,3,1,6,2007,Teusaquillo,475000000
671,181,1,1,2,3,1997,Bosa,494000000
672,74,1,3,2,6,2015,Usaquén,329000000
673,145,2,1,2,2,2021,Bosa,431300000
674,142,1,1,1,4,2008,Teusaquillo,417400000
675,110,4,2,2,5,1996,Suba,405000000
676,171,3,1,1,3,1983,Bosa,490500000
677,100,2,1,2,2,2008,Fontibón,343100000
678,196,1,2,1,1,1983,Chapinero,538000000
679,70,3,3,2,5,1989,Fontibón,328500000
680,54,2,1,0,6,2004,Teusaquillo,243000000
681,141,3,2,0,1,2010,Bosa,442000000
682,110,1,1,0,2,1982,Chapinero,345000000
683,71,1,2,0,2,1981,Fontibón,282000000
684,198,4,3,2,6,2004,Chapinero,611000000
685,119,1,3,0,3,1985,Teusaquillo,393000000
686,50,1,2,1,6,2005,Suba,250000000
687,182,2,2,0,4,1987,Suba,514000000
688,61,4,2,0,1,2014,Bosa,292000000
689,139,2,3,0,3,2006,Fontibón,443000000
690,95,3,1,2,5,2004,Usaquén,354500000
691,83,1,3,0,4,1997,Teusaquillo,321000000
692,127,3,2,1,3,1980,Fontibón,418500000
693,94,2,2,0,1,2018,Fontibón,338000000
694,122,1,3,0,2,1982,Suba,399000000
695,75,1,2,0,5,1983,Bosa,290000000
696,96,2,3,1,6,2020,Chapinero,372000000
697,170,2,2,0,1,2016,Teusaquillo,490000000
698,105,2,1,1,4,1994,Chapinero,354000000
699,143,2,1,1,4,1987,Kennedy,425800000
700,156,2,2,0,2,2017,Kennedy,462000000
701,112,1,3,1,2,1998,Teusaquillo,385300000
702,97,2,1,2,5,2005,Bosa,339500000
703,110,1,3,0,6,2018,Usaquén,375000000
704,130,1,2,0,5,1989,Kennedy,400000000
705,75,2,3,1,2,2017,Suba,319500000
706,85,2,1,1,2,1993,Usaquén,310850000
707,50,4,3,0,4,2020,Fontibón,285000000
708,57,1,3,2,2,1998,Kennedy,276200000
709,162,2,2,1,3,2009,Suba,479000000
710,148,2,2,1,1,1984,Fontibón,449600000
711,96,2,2,2,2,2010,Usaquén,353700000
712,176,4,1,2,5,1986,Teusaquillo,528000000
713,105,4,1,0,6,1998,Fontibón,365000000
714,63,3,2,2,6,2010,Chapinero,316000000
715,77,1,2,0,6,2018,Teusaquillo,294000000
716,127,3,1,2,3,2003,Teusaquillo,413000000
717,179,2,1,1,5,2013,Usaquén,502750000
718,158,4,1,0,3,2002,Usaquén,471000000
719,63,4,1,0,2,2019,Suba,281000000
720,105,3,2,0,1,1985,Suba,370000000
721,164,4,1,2,6,2017,Chapinero,513000000
722,56,2,2,1,5,2020,Teusaquillo,272500000
723,52,4,3,0,6,2015,Bosa,289000000
724,160,3,3,0,3,2006,Chapinero,495000000
725,156,2,1,0,4,1990,Chapinero,447000000
726,67,3,3,0,2,1984,Bosa,309000000
727,87,4,3,1,1,1996,Bosa,361800000
728,164,3,3,2,2,1986,Bosa,509300000
729,64,3,1,1,4,2006,Usaquén,280800000
730,168,1,1,0,1,1994,Chapinero,461000000
731,77,4,3,1,4,1992,Chapinero,348000000
732,88,4,2,0,2,1990,Fontibón,346000000
733,66,3,3,2,3,2005,Bosa,314000000
734,135,1,1,2,2,2001,Bosa,401300000
735,175,4,1,2,2,2007,Suba,514000000
736,93,2,1,0,2,2003,Suba,321000000
737,74,3,3,1,5,2008,Teusaquillo,333500000
738,194,4,2,2,4,1988,Suba,570000000
739,62,2,1,0,4,2021,Kennedy,259000000
740,74,4,1,0,6,1983,Teusaquillo,303000000
741,117,2,3,1,4,1997,Bosa,403200000
742,187,3,2,2,6,2022,Fontibón,552000000
743,116,4,3,0,5,1995,Suba,417000000
744,158,4,1,1,3,2012,Fontibón,475500000
745,195,1,2,2,6,2008,Suba,550000000
746,160,3,2,1,2,2018,Suba,484500000
747,160,2,1,1,3,1989,Fontibón,459500000
748,83,4,2,0,5,1988,Chapinero,336000000
749,160,4,2,0,4,2010,Chapinero,490000000
750,57,2,3,0,6,2007,Chapinero,279000000
751,162,3,1,1,2,1982,Kennedy,472600000
752,132,1,1,0,1,1993,Chapinero,389000000
753,91,1,1,1,1,2004,Suba,311000000
754,150,4,1,1,3,1994,Bosa,458500000
755,55,2,1,0,4,1981,Usaquén,245000000
756,75,4,2,2,1,2003,Fontibón,327200000
757,113,2,3,2,3,1993,Bosa,398000000
758,108,1,1,2,5,1986,Usaquén,360500000
759,158,3,3,1,3,2015,Bosa,494500000
760,170,2,3,1,3,2003,Kennedy,509000000
761,82,1,2,1,3,2006,Usaquén,310500000
762,199,4,1,0,2,2016,Teusaquillo,553000000
763,70,2,2,1,3,2017,Chapinero,297500000
764,119,3,1,0,6,2009,Kennedy,383000000
765,161,4,2,0,3,2006,Bosa,492000000
766,53,4,3,2,2,2018,Suba,300000000
767,143,1,1,2,2,1994,Chapinero,424500000
768,124,2,3,2,5,2005,Chapinero,435500000
769,111,4,3,0,4,1980,Usaquén,407000000
770,143,3,2,0,1,1983,Teusaquillo,446000000
771,144,2,1,0,1,2008,Chapinero,423000000
772,104,3,3,1,3,1980,Bosa,386500000
773,186,4,2,0,5,2022,Bosa,542000000
774,180,3,1,2,3,2001,Fontibón,514000000
775,80,1,1,2,1,1990,Fontibón,292200000
776,89,3,3,0,2,1989,Chapinero,353000000
777,85,2,1,0,4,1996,Usaquén,305000000
778,55,3,3,2,5,2015,Usaquén,304500000
779,115,3,1,0,2,2005,Suba,375000000
780,124,1,2,2,4,2000,Kennedy,397600000
781,53,3,3,1,5,1992,Kennedy,287000000
782,128,3,3,2,5,1988,Kennedy,443000000
783,183,4,1,1,1,1990,Teusaquillo,526600000
784,167,4,1,0,2,1990,Usaquén,489000000
785,162,2,3,0,5,1985,Suba,489000000
786,143,4,1,1,6,1980,Fontibón,450000000
787,111,4,2,0,5,1985,Bosa,392000000
788,128,4,1,1,4,1992,Kennedy,415800000
789,185,4,2,0,1,2001,Fontibón,540000000
790,75,1,2,2,3,2010,Fontibón,299000000
791,93,4,2,0,1,2001,Chapinero,356000000
792,182,1,2,2,3,2016,Teusaquillo,518000000
793,119,1,2,2,2,2006,Suba,387000000
794,167,4,1,1,2,1993,Teusaquillo,495300000
795,117,3,2,0,5,1984,Chapinero,394000000
796,68,1,1,1,6,2015,Suba,271000000
797,69,3,2,0,2,2011,Suba,298000000
798,162,3,3,2,5,2013,Usaquén,518500000
799,189,4,2,2,1,1986,Teusaquillo,559200000
800,96,2,3,0,2,2021,Teusaquillo,357000000
801,50,4,2,0,1,1989,Usaquén,270000000
802,139,2,2,1,1,1996,Fontibón,431600000
803,191,2,2,0,6,2009,Chapinero,532000000
804,113,4,3,0,2,2000,Teusaquillo,411000000
805,87,4,3,0,1,1992,Usaquén,359000000
806,86,2,2,1,6,1980,Bosa,329000000
807,175,4,1,0,6,1980,Suba,505000000
808,188,2,2,2,2,2012,Kennedy,533200000
809,149,3,3,1,6,2017,Bosa,480000000
810,126,4,2,1,2,2004,Usaquén,427850000
811,52,3,3,2,2,2005,Kennedy,286200000
812,183,1,3,2,3,1992,Fontibón,530000000
813,59,3,3,2,1,2007,Chapinero,305000000
814,54,3,2,0,4,2012,Kennedy,268000000
815,187,2,3,2,2,2016,Fontibón,547100000
816,179,3,3,0,1,2020,Kennedy,533000000
817,62,4,2,1,6,2009,Suba,304000000
818,179,2,3,1,5,1987,Suba,530500000
819,133,1,2,2,2,1980,Suba,415000000
820,114,4,3,0,6,1991,Suba,413000000
821,112,1,1,2,6,1984,Usaquén,375000000
822,150,3,1,2,6,2003,Suba,465000000
823,122,4,3,0,6,1985,Bosa,429000000
824,66,4,1,2,6,2004,Suba,307000000
825,58,1,2,1,2,1980,Bosa,259150000
826,192,4,1,2,4,2004,Usaquén,554600000
827,87,4,3,0,3,1980,Suba,359000000
828,143,4,3,0,6,2011,Fontibón,471000000
829,144,3,2,1,6,2021,Fontibón,457000000
830,98,1,3,0,3,2021,Teusaquillo,351000000
831,118,4,2,0,2,1982,Fontibón,406000000
832,111,2,1,1,1,1998,Chapinero,363000000
833,127,2,1,2,5,2022,Chapinero,411500000
834,166,2,2,1,5,2008,Chapinero,493250000
835,169,2,2,2,1,1981,Usaquén,498400000
836,186,3,3,1,2,1988,Fontibón,551050000
837,125,4,1,2,5,1996,Bosa,415500000
838,84,1,2,1,3,2015,Chapinero,315500000
839,50,4,1,2,1,1996,Teusaquillo,266200000
840,89,3,2,1,4,1991,Usaquén,345800000
841,113,2,1,2,2,1999,Teusaquillo,373600000
842,199,3,3,1,1,1982,Fontibón,576600000
843,109,4,1,0,5,2022,Suba,373000000
844,113,1,1,2,2,1983,Teusaquillo,363600000
845,142,3,1,1,3,1996,Suba,434000000
846,121,1,1,2,2,2016,Usaquén,378700000
847,60,3,1,2,2,2021,Teusaquillo,277600000
848,154,1,3,1,3,1994,Teusaquillo,470000000
849,63,1,2,2,6,2012,Kennedy,282000000
850,109,2,1,1,3,1995,Usaquén,359500000
851,79,1,3,0,2,1990,Usaquén,313000000
852,84,2,1,2,3,1999,Chapinero,318000000
853,54,4,1,0,6,2017,Fontibón,263000000
854,132,4,2,2,1,2003,Teusaquillo,445200000
855,172,2,1,2,3,1995,Teusaquillo,493000000
856,127,2,3,2,3,2009,Bosa,426000000
857,111,3,3,1,2,2013,Usaquén,402850000
858,181,3,2,0,1,1980,Usaquén,522000000
859,138,3,1,2,4,2003,Fontibón,431800000
860,91,4,3,1,4,2003,Usaquén,374800000
861,138,3,1,2,5,1988,Suba,436000000
862,195,1,1,1,3,2001,Suba,520000000
863,89,1,1,2,3,1991,Kennedy,311000000
864,121,3,2,0,1,1996,Suba,402000000
865,88,1,1,0,6,2004,Suba,301000000
866,153,4,3,2,4,2007,Fontibón,501800000
867,63,1,1,1,5,1994,Teusaquillo,261500000
868,81,4,3,2,1,2009,Suba,355000000
869,174,2,1,1,3,2006,Kennedy,487000000
870,146,2,3,2,4,2001,Usaquén,472600000
871,72,2,3,1,5,1989,Suba,316500000
872,112,2,1,0,2,2010,Kennedy,359000000
873,192,1,1,2,4,2006,Fontibón,519800000
874,194,3,3,0,5,1991,Bosa,563000000
875,102,1,2,0,1,2010,Bosa,344000000
876,153,4,1,2,2,2011,Bosa,467300000
877,153,1,2,2,5,2011,Usaquén,465500000
878,88,1,1,1,5,2020,Kennedy,307000000
879,183,4,1,1,3,2014,Suba,526000000
880,116,2,1,0,6,2000,Teusaquillo,367000000
881,184,2,1,1,4,1989,Usaquén,510800000
882,91,2,2,1,3,1995,Usaquén,338500000
883,64,3,1,2,2,1986,Bosa,279300000
884,160,4,3,1,6,1983,Teusaquillo,519000000
885,82,4,3,0,5,2006,Bosa,349000000
886,87,1,2,1,3,2004,Usaquén,320500000
887,146,3,1,0,6,2010,Suba,437000000
888,82,2,3,2,4,1990,Bosa,337400000
889,135,3,2,0,2,1999,Bosa,430000000
890,115,4,1,1,1,2015,Bosa,387800000
891,59,4,3,2,3,1996,Usaquén,316000000
892,54,1,3,1,2,1990,Suba,267500000
893,172,1,2,2,1,2009,Teusaquillo,495200000
894,123,4,1,2,3,2014,Chapinero,416000000
895,146,2,1,1,2,2020,Teusaquillo,433300000
896,167,2,3,1,2,2017,Suba,503500000
897,87,3,3,2,6,2001,Fontibón,367000000
898,190,4,3,2,3,2022,Bosa,572000000
899,96,4,1,1,2,2006,Teusaquillo,353300000
900,158,2,2,0,5,2016,Fontibón,466000000
901,64,2,2,1,3,2014,Fontibón,282500000
902,185,4,1,2,2,1983,Suba,534000000
903,54,1,2,1,6,1995,Suba,258000000
904,96,4,3,0,1,1995,Bosa,377000000
905,117,4,2,1,1,2000,Chapinero,410000000
906,125,2,2,2,5,2005,Kennedy,412000000
907,179,2,2,1,3,2015,Usaquén,514500000
908,144,1,3,2,6,1998,Teusaquillo,471000000
909,164,1,1,2,2,1996,Suba,462000000
910,85,3,3,1,2,2005,Teusaquillo,351300000
911,75,4,1,2,1,2001,Kennedy,311400000
912,92,2,1,2,6,2007,Kennedy,335000000
913,76,1,1,0,5,1980,Bosa,277000000
914,118,3,2,0,1,2015,Fontibón,396000000
915,197,3,2,0,1,2022,Bosa,554000000
916,60,2,1,0,5,2016,Usaquén,255000000
917,123,2,1,2,3,1981,Chapinero,396000000
918,153,3,2,1,2,1996,Teusaquillo,472300000
919,87,1,3,2,3,2019,Usaquén,342000000
920,183,3,1,2,6,2017,Chapinero,541000000
921,72,4,3,2,4,2000,Teusaquillo,345800000
922,96,4,2,1,4,1988,Usaquén,369800000
923,139,2,1,0,4,1992,Suba,413000000
924,95,1,3,2,5,1990,Teusaquillo,366000000
925,156,1,3,2,1,1995,Usaquén,477400000
926,189,4,3,0,3,1995,Kennedy,563000000
927,190,3,2,2,2,1981,Chapinero,553500000
928,153,2,2,1,4,2021,Usaquén,463800000
929,160,3,3,2,3,1987,Suba,505000000
930,153,3,3,2,4,2022,Bosa,489400000
931,109,3,2,0,4,2021,Teusaquillo,378000000
932,149,1,3,2,2,1992,Teusaquillo,465600000
933,117,4,3,2,6,1996,Teusaquillo,447000000
934,182,1,2,1,6,2018,Suba,514000000
935,169,4,3,0,6,2003,Chapinero,523000000
936,86,2,3,0,5,1982,Teusaquillo,337000000
937,121,2,3,1,1,2009,Chapinero,413000000
938,176,3,2,2,5,1992,Usaquén,531500000
939,155,4,3,0,3,1998,Kennedy,495000000
940,141,4,2,0,5,1986,Kennedy,452000000
941,80,4,2,2,3,1988,Chapinero,345000000
942,171,3,1,2,3,1998,Chapinero,502000000
943,186,3,1,0,1,2019,Kennedy,517000000
944,100,2,3,2,2,2001,Teusaquillo,377600000
945,78,1,2,0,1,1997,Fontibón,296000000
946,89,4,1,2,6,2002,Fontibón,351000000
947,90,4,3,2,6,1981,Suba,385000000
948,60,1,1,1,5,1990,Bosa,250250000
949,50,4,1,2,3,2010,Kennedy,263000000
950,95,3,2,1,4,2012,Kennedy,354800000
951,150,3,2,2,4,1993,Suba,472000000
952,198,4,1,0,3,1995,Fontibón,551000000
953,139,3,1,0,1,1990,Usaquén,423000000
954,159,3,2,2,2,2012,Teusaquillo,490600000
955,106,4,3,2,1,1986,Teusaquillo,408200000
956,50,2,2,0,3,2010,Usaquén,250000000
957,112,1,1,2,3,1993,Usaquén,362000000
958,104,3,3,1,2,2007,Fontibón,387050000
959,164,2,1,1,5,2022,Suba,470500000
960,192,3,3,1,5,1995,Usaquén,568750000
961,198,3,1,1,2,1998,Suba,545500000
962,102,1,3,1,5,1996,Bosa,364250000
963,186,3,3,2,4,2005,Chapinero,565000000
964,106,1,1,2,5,1985,Teusaquillo,358000000
965,166,1,3,1,5,2022,Fontibón,493750000
966,84,1,2,2,5,1988,Teusaquillo,329000000
967,112,2,1,2,4,1996,Fontibón,369800000
968,74,4,2,1,5,2010,Chapinero,329250000
969,139,2,1,2,6,1991,Teusaquillo,441000000
970,124,4,3,2,4,2002,Chapinero,451000000
971,87,4,3,2,2,1984,Fontibón,367100000
972,179,1,3,1,1,2022,Usaquén,518200000
973,184,3,1,2,2,2015,Bosa,519300000
974,140,1,2,0,1,2015,Teusaquillo,420000000
975,66,3,2,0,2,1982,Chapinero,292000000
976,177,4,1,1,6,2003,Kennedy,517000000
977,157,1,1,0,1,1996,Teusaquillo,439000000
978,74,3,2,1,1,2018,Teusaquillo,313600000
979,137,2,2,0,3,2005,Teusaquillo,424000000
980,78,3,2,0,1,1983,Suba,316000000
981,112,1,2,0,1,1991,Chapinero,364000000
982,199,2,1,1,3,1980,Chapinero,540500000
983,163,3,1,1,5,2000,Teusaquillo,481500000
984,98,3,3,2,5,1998,Usaquén,390500000
985,130,3,2,1,3,2000,Teusaquillo,427000000
986,133,3,3,0,4,1997,Suba,441000000
987,154,3,1,0,1,2022,Fontibón,453000000
988,197,2,1,1,1,1982,Suba,533000000
989,167,4,3,1,3,2011,Usaquén,525500000
990,135,2,2,1,3,1989,Teusaquillo,427000000
991,112,2,2,2,4,2019,Chapinero,392000000
992,153,2,2,0,6,1994,Bosa,456000000
993,98,4,2,2,5,1984,Kennedy,378000000
994,120,1,3,2,2,1983,Teusaquillo,407600000
995,50,4,3,0,6,2007,Usaquén,285000000
996,190,2,1,0,5,1983,Chapinero,515000000
997,172,3,2,1,1,1994,Suba,508000000
998,111,3,2,1,6,1996,Fontibón,391000000
999,81,2,2,2,3,1982,Fontibón,321000000
1000,78,3,3,1,4,1989,Bosa,335200000
1001,98,2,2,1,5,2021,Teusaquillo,356500000
1002,79,3,3,0,4,2002,Suba,333000000
1003,193,4,2,0,5,1997,Bosa,556000000
1004,68,1,2,1,6,1980,Kennedy,284000000
1005,67,1,1,0,1,2014,Kennedy,259000000
1006,50,4,2,1,2,2010,Bosa,273150000
1007,127,4,2,0,4,1980,Usaquén,424000000
1008,164,2,1,0,4,1982,Fontibón,463000000
1009,162,2,3,0,2,1982,Suba,489000000
1010,163,2,3,0,4,2016,Teusaquillo,491000000
1011,112,3,2,1,4,1998,Chapinero,393000000
1012,181,2,3,2,5,2008,Teusaquillo,548000000
1013,178,4,2,0,5,2004,Teusaquillo,526000000
1014,57,1,1,1,2,2012,Suba,243500000
1015,104,3,1,1,1,2015,Fontibón,356600000
1016,152,2,2,0,6,2008,Suba,454000000
1017,180,3,1,2,6,2005,Chapinero,535000000
1018,81,3,1,0,4,1983,Bosa,307000000
1019,59,2,2,1,1,1993,Suba,272000000
1020,159,3,2,2,2,2006,Usaquén,489700000
1021,173,1,1,1,2,2012,Teusaquillo,477300000
1022,136,4,3,0,5,2001,Fontibón,457000000
1023,104,4,3,2,4,1982,Kennedy,402600000
1024,81,1,2,1,3,2002,Chapinero,309500000
1025,184,3,2,1,2,2000,Kennedy,531600000
1026,142,2,3,1,4,2020,Teusaquillo,457400000
1027,57,3,1,0,1,2002,Suba,259000000
1028,114,1,3,2,5,1983,Kennedy,395000000
1029,106,3,3,0,6,2000,Usaquén,387000000
1030,116,4,3,0,1,2016,Suba,417000000
1031,121,3,3,0,2,2022,Teusaquillo,417000000
1032,103,1,2,2,2,2010,Kennedy,353200000
1033,116,4,2,0,1,2000,Bosa,402000000
1034,100,3,1,0,2,2005,Chapinero,345000000
1035,146,3,1,0,4,2020,Kennedy,437000000
1036,141,4,1,0,2,2014,Bosa,437000000
1037,57,2,1,1,5,2017,Bosa,254250000
1038,84,4,3,0,4,2003,Kennedy,353000000
1039,145,2,2,1,3,1990,Fontibón,444500000
1040,137,1,2,0,2,2020,Kennedy,414000000
1041,127,1,1,2,2,2008,Teusaquillo,391600000
1042,81,4,1,1,5,1982,Bosa,322250000
1043,169,4,3,1,5,1980,Chapinero,534250000
1044,95,1,3,1,6,1998,Teusaquillo,359000000
1045,193,2,1,1,1,2001,Usaquén,526200000
1046,191,1,2,2,1,1993,Suba,530000000
1047,104,4,2,0,1,1993,Kennedy,378000000
1048,56,1,2,1,5,1995,Fontibón,258750000
1049,123,4,1,2,1,2012,Chapinero,413000000
1050,56,4,2,1,1,1992,Fontibón,285600000
1051,134,1,3,0,3,2017,Fontibón,423000000
1052,196,2,3,1,1,1991,Fontibón,560600000
1053,161,3,1,2,2,2017,Kennedy,474200000
1054,174,1,3,0,6,2018,Chapinero,503000000
1055,196,3,1,2,5,2012,Chapinero,559500000
1056,85,1,2,0,4,2012,Bosa,310000000
1057,78,3,2,0,6,2008,Fontibón,316000000
1058,131,2,2,0,3,1984,Bosa,412000000
1059,51,2,3,1,5,1985,Bosa,272250000
1060,178,1,1,2,5,2010,Suba,496000000
1061,96,4,2,2,2,1995,Kennedy,369200000
1062,197,3,1,2,6,2010,Kennedy,555000000
1063,60,4,2,0,6,2004,Teusaquillo,290000000
1064,179,4,3,1,1,2012,Bosa,545800000
1065,168,4,3,0,2,1992,Kennedy,521000000
1066,189,2,1,2,1,1989,Fontibón,520200000
1067,69,1,3,1,1,2003,Usaquén,298200000
1068,54,1,3,1,5,1989,Fontibón,269750000
1069,86,2,1,1,6,2020,Chapinero,322000000
1070,186,2,2,2,1,2010,Kennedy,528400000
1071,102,1,3,1,3,1992,Kennedy,363000000
1072,148,4,1,1,3,1982,Teusaquillo,458000000
1073,135,3,3,0,6,2013,Bosa,445000000
1074,157,3,3,0,3,2007,Usaquén,489000000
1075,73,3,3,1,5,1998,Kennedy,327000000
1076,130,4,3,1,2,2002,Teusaquillo,451300000
1077,169,1,1,0,4,2011,Teusaquillo,463000000
1078,108,2,1,0,1,1992,Usaquén,351000000
1079,177,1,1,0,4,2012,Fontibón,479000000
1080,163,4,3,2,2,2013,Fontibón,519100000
1081,164,2,3,2,2,2012,Fontibón,501100000
1082,63,4,3,0,5,1984,Suba,311000000
1083,58,3,1,1,3,1982,Bosa,264500000
1084,89,3,3,0,3,1986,Bosa,353000000
1085,74,4,2,2,2,2003,Fontibón,326100000
1086,152,2,3,1,5,2001,Usaquén,478750000
1087,71,2,2,2,5,2002,Suba,307000000
1088,53,1,3,1,6,2009,Bosa,268000000
1089,78,3,1,2,1,1997,Fontibón,308200000
1090,158,1,3,1,3,2011,Suba,476000000
1091,147,1,2,1,2,1986,Usaquén,439850000
1092,86,4,2,1,6,2012,Fontibón,351000000
1093,124,4,3,1,4,1984,Chapinero,442000000
1094,119,1,2,2,3,2007,Kennedy,386000000
1095,195,3,2,2,1,1987,Usaquén,560400000
1096,177,4,1,1,5,1994,Teusaquillo,519500000
1097,134,1,3,1,2,1983,Teusaquillo,429300000
1098,91,1,3,2,3,2013,Usaquén,350000000
1099,149,1,3,1,4,1984,Teusaquillo,461400000
1100,90,1,2,1,1,2012,Bosa,322800000
1101,83,1,3,1,1,1984,Usaquén,326200000
1102,66,1,3,0,6,2017,Chapinero,287000000
1103,171,4,1,1,3,2013,Usaquén,503500000
1104,125,3,1,0,4,2005,Fontibón,395000000
1105,136,1,1,1,1,1980,Fontibón,400600000
1106,166,2,2,2,2,1983,Suba,491000000
1107,155,4,3,0,1,2018,Teusaquillo,495000000
1108,135,4,1,0,4,2005,Kennedy,425000000
1109,76,1,1,1,5,2012,Teusaquillo,287500000
1110,106,4,1,1,5,2012,Bosa,372250000
1111,80,1,3,0,6,1987,Usaquén,315000000
1112,183,3,3,2,3,1999,Kennedy,549000000
1113,147,3,3,2,4,1995,Kennedy,478600000
1114,61,4,2,1,6,2000,Teusaquillo,306000000
1115,102,4,2,2,1,2005,Kennedy,380400000
1116,187,2,1,2,1,2002,Kennedy,515400000
1117,194,4,3,1,5,1997,Fontibón,579750000
1118,171,2,1,2,6,2010,Chapinero,507000000
1119,95,3,3,1,5,2021,Usaquén,374750000
1120,113,3,3,0,2,1991,Teusaquillo,401000000
1121,179,1,3,1,5,1980,Fontibón,519750000
1122,103,3,2,0,2,2021,Bosa,366000000
1123,156,2,2,0,1,1988,Bosa,462000000
1124,100,4,3,2,6,1982,Suba,405000000
1125,85,1,1,2,2,2005,Kennedy,302200000
1126,164,2,3,2,6,1988,Kennedy,509000000
1127,75,4,3,1,6,2021,Teusaquillo,349000000
1128,78,1,1,2,2,1995,Chapinero,294500000
1129,198,3,3,0,3,2003,Chapinero,571000000
1130,60,2,1,2,5,1993,Teusaquillo,276000000
1131,89,4,2,2,2,1982,Teusaquillo,360600000
1132,60,1,2,1,1,2013,Fontibón,263600000
1133,162,1,1,1,6,2012,Bosa,456000000
1134,88,3,2,0,4,2003,Teusaquillo,336000000
1135,103,4,2,1,2,1988,Bosa,379150000
1136,147,3,1,2,5,1992,Suba,454000000
1137,104,3,2,1,6,1981,Bosa,375000000
1138,160,4,3,0,3,1986,Fontibón,505000000
1139,199,4,3,2,1,2000,Kennedy,589400000
1140,118,4,1,0,3,1998,Kennedy,391000000
1141,105,2,2,1,4,2004,Bosa,364200000
1142,82,4,3,1,2,2001,Kennedy,352600000
1143,85,1,3,0,6,1990,Kennedy,325000000
1144,197,3,2,2,2,2012,Usaquén,565700000
1145,130,2,2,1,5,2011,Suba,417500000
1146,158,4,3,1,2,2000,Fontibón,505050000
1147,122,2,3,2,1,2018,Fontibón,416200000
1148,89,4,1,1,4,1999,Kennedy,337800000
1149,66,2,1,0,3,1987,Chapinero,267000000
1150,178,3,3,1,4,2021,Fontibón,536400000
1151,110,3,1,1,6,2016,Suba,375000000
1152,153,1,3,2,2,1988,Teusaquillo,473600000
1153,91,1,3,0,6,2004,Suba,337000000
1154,74,4,1,2,3,2004,Kennedy,311000000
1155,88,3,1,1,6,2012,Kennedy,329000000
1156,84,2,2,1,5,1981,Usaquén,327750000
1157,180,2,2,2,4,1998,Bosa,518400000
1158,157,2,2,2,3,1999,Fontibón,473000000
1159,151,1,3,2,3,2021,Bosa,464000000
1160,147,2,1,0,3,2020,Bosa,429000000
1161,61,1,3,1,1,2021,Fontibón,280600000
1162,68,1,1,2,4,2008,Fontibón,271800000
1163,150,4,3,1,6,1985,Kennedy,493000000
1164,93,2,2,0,3,1996,Fontibón,336000000
1165,98,2,2,0,4,2004,Chapinero,346000000
1166,66,3,2,0,3,2017,Chapinero,292000000
1167,123,4,3,0,5,1983,Teusaquillo,431000000
1168,106,3,1,1,5,2009,Fontibón,363750000
1169,104,4,1,0,5,1999,Usaquén,363000000
1170,96,2,2,0,2,1982,Teusaquillo,342000000
1171,61,1,2,2,3,2002,Kennedy,270000000
1172,111,1,2,0,2,1997,Fontibón,362000000
1173,129,1,2,2,4,2005,Chapinero,416000000
1174,132,1,1,0,2,2015,Usaquén,389000000
1175,57,1,3,0,4,1987,Teusaquillo,269000000
1176,198,3,3,2,4,1996,Usaquén,586600000
1177,130,4,3,0,4,2010,Fontibón,445000000
1178,167,2,3,1,6,2016,Suba,509000000
1179,74,3,2,1,2,2012,Usaquén,313850000
1180,138,4,2,0,6,2006,Usaquén,446000000
1181,61,1,2,1,3,1983,Kennedy,266000000
1182,192,4,3,2,2,2001,Chapinero,582500000
1183,108,4,2,0,3,2005,Fontibón,386000000
1184,158,1,2,0,3,2011,Usaquén,456000000
1185,75,1,1,2,4,2003,Fontibón,285800000
1186,96,1,1,2,2,2014,Chapinero,330500000
1187,81,2,2,2,3,2016,Kennedy,320000000
1188,59,1,1,0,5,2011,Fontibón,243000000
1189,65,2,1,2,3,1986,Bosa,272000000
1190,194,1,2,2,5,2012,Chapinero,550500000
1191,75,2,2,1,2,2010,Chapinero,306750000
1192,135,4,2,1,6,1991,Teusaquillo,454000000
1193,184,3,2,0,2,1990,Kennedy,528000000
1194,63,4,3,1,6,2003,Kennedy,319000000
1195,128,4,3,1,6,1987,Bosa,448000000
1196,166,1,2,2,2,2011,Fontibón,480100000
1197,56,2,1,2,3,2017,Suba,257000000
1198,186,3,2,1,1,2001,Bosa,534800000
1199,164,1,2,1,3,2013,Teusaquillo,475000000
1200,121,1,1,1,3,1998,Kennedy,371000000
1201,108,1,3,0,4,1999,Chapinero,371000000
1202,131,4,2,0,4,1993,Kennedy,432000000
1203,165,2,2,0,3,2012,Bosa,480000000
1204,195,2,3,1,5,1989,Suba,562500000
1205,152,3,3,1,6,1995,Usaquén,492000000
1206,66,2,1,0,4,1983,Usaquén,267000000
1207,63,2,3,0,3,2006,Kennedy,291000000
1208,157,1,3,1,1,2007,Kennedy,472200000
1209,94,1,3,2,5,2022,Teusaquillo,364000000
1210,147,4,1,0,2,1995,Kennedy,449000000
1211,180,1,3,1,3,2012,Suba,520000000
1212,86,1,3,1,3,1998,Kennedy,331000000
1213,157,1,1,2,6,2000,Fontibón,457000000
1214,88,1,3,1,5,2001,Bosa,336250000
1215,64,4,3,1,4,1988,Suba,319000000
1216,169,1,1,0,4,1988,Teusaquillo,463000000
1217,53,3,2,0,4,1988,Fontibón,266000000
1218,142,3,1,2,2,2006,Fontibón,437100000
1219,190,3,3,2,5,1996,Bosa,565500000
1220,65,3,3,1,5,1987,Usaquén,314750000
1221,157,1,3,0,4,1995,Suba,469000000
1222,175,3,1,2,4,1997,Bosa,503400000
1223,104,1,3,2,6,2012,Fontibón,381000000
1224,83,4,3,2,1,1980,Teusaquillo,362200000
1225,62,3,1,1,1,1991,Bosa,271800000
1226,190,2,2,0,3,1985,Usaquén,530000000
1227,67,3,2,2,3,2020,Fontibón,303000000
1228,145,3,3,0,5,1984,Bosa,465000000
1229,172,1,1,2,5,1995,Suba,484000000
1230,88,3,3,2,2,1997,Usaquén,362700000
1231,95,2,1,0,2,1997,Suba,325000000
1232,78,1,1,0,1,1980,Suba,281000000
1233,111,1,2,0,3,1998,Suba,362000000
1234,65,4,2,1,1,1987,Bosa,302800000
1235,170,4,1,2,1,1982,Usaquén,505400000
1236,59,3,3,1,3,2004,Bosa,296500000
1237,152,4,2,0,2,1984,Bosa,474000000
1238,133,4,3,2,6,2019,Bosa,465000000
1239,182,4,2,1,6,1998,Fontibón,543000000
1240,114,1,2,2,6,1997,Kennedy,384000000
1241,52,1,3,1,3,2010,Chapinero,266500000
1242,191,1,2,0,4,2012,Fontibón,522000000
1243,169,4,2,1,4,1997,Usaquén,515800000
1244,117,1,3,2,4,2018,Chapinero,407000000
1245,195,4,2,2,5,1995,Chapinero,582500000
1246,86,1,2,2,2,1995,Chapinero,325500000
1247,122,1,2,2,2,2017,Kennedy,391200000
1248,192,2,3,0,5,2020,Bosa,549000000
1249,98,3,1,1,1,1986,Teusaquillo,346600000
1250,170,4,3,0,6,1993,Usaquén,525000000
1251,137,2,1,0,4,2022,Kennedy,409000000
1252,189,1,2,0,6,2004,Kennedy,518000000
1253,86,4,1,2,4,2011,Teusaquillo,343800000
1254,110,1,3,2,6,2017,Chapinero,405000000
1255,173,3,3,2,1,2001,Bosa,526600000
1256,88,2,2,1,6,1995,Teusaquillo,340000000
1257,112,3,1,2,6,2008,Teusaquillo,397000000
1258,95,2,2,1,3,1995,Kennedy,344000000
1259,137,1,2,2,6,1991,Usaquén,440000000
1260,60,3,3,2,3,1996,Suba,305000000
1261,111,3,1,0,2,2016,Bosa,367000000
1262,126,1,1,0,5,2006,Teusaquillo,377000000
1263,101,3,1,0,6,2004,Bosa,347000000
1264,53,4,1,1,2,1992,Teusaquillo,267300000
1265,108,2,2,1,3,1987,Chapinero,373500000
1266,121,2,2,2,6,1984,Bosa,406000000
1267,197,2,3,1,6,1991,Chapinero,574000000
1268,142,4,2,2,1,2020,Kennedy,460400000
1269,112,2,2,1,2,1982,Chapinero,380750000
1270,103,1,3,1,4,2014,Bosa,365200000
1271,166,3,3,1,4,2012,Fontibón,512400000
1272,159,4,3,0,1,2001,Bosa,503000000
1273,123,2,2,1,3,1988,Teusaquillo,403000000
1274,156,1,2,0,4,2020,Chapinero,452000000
1275,106,3,3,0,4,1997,Usaquén,387000000
1276,52,3,3,1,5,2008,Fontibón,285750000
1277,169,4,3,2,2,2018,Kennedy,530200000
1278,55,4,2,2,3,2006,Suba,290000000
1279,54,4,2,2,6,2015,Teusaquillo,306000000
1280,54,1,1,1,2,1996,Teusaquillo,239300000
1281,103,1,2,2,3,2013,Usaquén,359000000
1282,96,4,2,0,4,1982,Suba,362000000
1283,58,2,2,2,5,1984,Suba,281000000
1284,148,3,3,1,2,1993,Kennedy,474600000
1285,69,3,2,2,4,1982,Kennedy,307600000
1286,171,1,3,0,3,2002,Fontibón,497000000
1287,110,3,1,1,2,2018,Teusaquillo,371300000
1288,172,2,1,2,6,2009,Chapinero,509000000
1289,131,3,3,1,2,2002,Kennedy,440600000
1290,111,1,3,1,4,2006,Usaquén,384800000
1291,194,1,3,1,2,1989,Usaquén,548850000
1292,52,2,2,2,6,2004,Usaquén,280000000
1293,62,2,1,1,5,1992,Bosa,264250000
1294,169,3,3,2,5,1995,Kennedy,525000000
1295,174,3,2,0,4,2020,Kennedy,508000000
1296,138,1,1,2,3,2013,Usaquén,414000000
1297,122,2,2,0,4,2016,Kennedy,394000000
1298,117,2,1,2,5,2001,Bosa,379500000
1299,191,2,2,1,1,1996,Chapinero,538000000
1300,150,3,1,2,1,2002,Chapinero,457000000
1301,147,2,1,1,2,2015,Fontibón,433050000
1302,60,1,2,0,6,1988,Teusaquillo,260000000
1303,154,1,3,2,2,1981,Chapinero,476500000
1304,116,3,1,1,1,2011,Fontibón,380600000
1305,172,4,3,0,5,2001,Suba,529000000
1306,78,3,2,0,2,2022,Teusaquillo,316000000
1307,186,4,3,2,4,1992,Chapinero,575000000
1308,125,2,3,0,6,1987,Bosa,415000000
1309,58,3,3,1,4,1980,Suba,297000000
1310,89,1,3,0,6,1996,Fontibón,333000000
1311,74,2,3,0,5,1991,Chapinero,313000000
1312,54,1,1,1,2,1983,Chapinero,239750000
1313,188,2,1,0,6,1992,Kennedy,511000000
1314,173,3,1,0,4,2010,Suba,491000000
1315,87,4,2,0,2,2020,Chapinero,344000000
1316,121,2,3,0,2,1986,Usaquén,407000000
1317,182,4,1,1,4,2002,Bosa,523200000
1318,139,2,2,0,1,2003,Kennedy,428000000
1319,195,1,1,1,6,1984,Kennedy,523000000
1320,86,1,1,0,4,1984,Chapinero,297000000
1321,109,2,3,0,5,1996,Bosa,383000000
1322,77,4,2,0,3,2009,Kennedy,324000000
1323,130,3,3,0,4,1988,Teusaquillo,435000000
1324,163,3,3,1,2,1985,Suba,505500000
1325,89,1,1,1,2,2004,Teusaquillo,309300000
1326,94,3,3,1,4,1998,Fontibón,368400000
1327,111,1,2,2,3,1995,Teusaquillo,376000000
1328,142,3,3,0,4,2000,Bosa,459000000
1329,164,2,3,0,3,1981,Usaquén,493000000
1330,116,1,3,1,3,1989,Kennedy,391000000
1331,105,1,1,2,5,1995,Bosa,345500000
1332,89,2,2,0,6,2016,Kennedy,328000000
1333,147,1,1,1,2,1994,Usaquén,424850000
1334,89,3,1,0,2,1992,Kennedy,323000000
1335,140,3,1,0,3,1992,Teusaquillo,425000000
1336,82,1,1,1,2,2011,Fontibón,293050000
1337,55,3,1,1,1,1987,Chapinero,261000000
1338,196,4,2,0,3,2022,Usaquén,562000000
1339,129,1,3,0,2,1997,Teusaquillo,413000000
1340,141,2,1,1,1,2015,Bosa,419800000
1341,146,4,1,0,5,2005,Teusaquillo,447000000
1342,108,1,2,0,2,1989,Teusaquillo,356000000
1343,108,2,2,1,1,2010,Chapinero,372000000
1344,97,3,3,0,4,2012,Suba,369000000
1345,62,2,2,0,6,2008,Kennedy,274000000
1346,156,4,3,2,4,1984,Kennedy,506600000
1347,94,3,1,1,1,1992,Bosa,335800000
1348,138,1,1,2,3,1980,Fontibón,410000000
1349,149,3,3,2,3,2002,Bosa,480000000
1350,56,1,2,2,2,2019,Suba,261000000
1351,182,1,3,0,4,1982,Kennedy,519000000
1352,94,2,2,0,3,1982,Fontibón,338000000
1353,107,2,1,2,3,1986,Bosa,356000000
1354,80,2,2,2,4,2015,Fontibón,320800000
1355,72,4,3,2,5,2014,Teusaquillo,350000000
1356,187,4,3,0,3,1994,Usaquén,559000000
1357,156,2,1,2,6,2019,Teusaquillo,475000000
1358,88,4,2,2,1,1982,Chapinero,358000000
1359,131,3,2,1,2,2008,Kennedy,425600000
1360,149,3,2,1,3,2009,Fontibón,462500000
1361,51,4,1,0,6,2018,Bosa,257000000
1362,126,4,2,1,6,1997,Usaquén,435000000
1363,61,3,3,1,3,1990,Bosa,300500000
1364,88,1,2,1,5,2022,Kennedy,322000000
1365,62,3,1,0,1,2017,Fontibón,269000000
1366,95,3,2,1,2,2019,Fontibón,354050000
1367,162,4,2,0,3,1980,Teusaquillo,494000000
1368,66,3,3,2,2,2008,Usaquén,318700000
1369,153,4,2,1,4,1989,Usaquén,483800000
1370,147,4,3,0,6,2007,Kennedy,479000000
1371,137,2,3,1,6,2010,Fontibón,448000000
1372,158,3,1,2,3,1998,Usaquén,474000000
1373,119,1,3,0,3,1982,Usaquén,393000000
1374,123,2,3,0,4,2015,Bosa,411000000
1375,112,4,1,0,5,2022,Kennedy,379000000
1376,109,4,3,2,3,1994,Teusaquillo,417000000
1377,128,1,1,2,6,2012,Bosa,395000000
1378,86,4,2,2,2,2020,Bosa,348300000
1379,71,3,1,0,1,2022,Suba,287000000
1380,197,2,3,2,2,2005,Chapinero,572500000
1381,145,4,1,1,5,1995,Suba,452500000
1382,117,4,3,2,1,2015,Usaquén,429400000
1383,66,1,2,0,2,2012,Fontibón,272000000
1384,61,3,1,1,2,1999,Chapinero,273750000
1385,199,4,2,2,4,1992,Chapinero,586000000
1386,194,1,3,1,5,2012,Fontibón,549750000
1387,187,4,3,1,6,1984,Chapinero,574000000
1388,167,1,2,0,4,2016,Fontibón,474000000
1389,71,1,1,1,1,1993,Chapinero,273000000
1390,169,3,1,1,6,2006,Bosa,490000000
1391,99,4,3,0,4,2002,Kennedy,383000000
1392,63,3,2,0,5,1993,Kennedy,286000000
1393,78,1,2,0,3,2019,Suba,296000000
1394,174,2,1,1,3,1983,Bosa,486500000
1395,56,4,1,1,1,2018,Chapinero,273000000
1396,78,2,1,1,3,1998,Teusaquillo,298000000
1397,188,4,2,0,4,1983,Fontibón,546000000
1398,82,3,1,2,1,2009,Bosa,314600000
1399,183,3,1,1,6,1998,Chapinero,526000000
1400,160,3,3,2,5,2010,Kennedy,507000000
1401,128,3,1,0,1,2010,Kennedy,401000000
1402,107,3,1,1,6,1988,Fontibón,368000000
1403,75,2,2,2,1,1992,Teusaquillo,311200000
1404,78,3,2,1,2,1993,Chapinero,322750000
1405,53,1,3,1,2,1989,Chapinero,267750000
1406,148,1,1,1,1,2010,Teusaquillo,426600000
1407,190,2,3,2,3,2016,Teusaquillo,559000000
1408,88,4,2,0,2,2002,Teusaquillo,346000000
1409,64,1,3,1,5,2006,Kennedy,289000000
1410,168,4,2,0,6,1985,Fontibón,506000000
1411,78,2,3,0,4,2005,Bosa,321000000
1412,124,4,3,2,2,1981,Teusaquillo,445600000
1413,165,4,1,2,1,1992,Fontibón,492200000
1414,81,4,3,0,3,1998,Suba,347000000
1415,179,4,1,1,4,1980,Chapinero,522000000
1416,133,2,1,2,6,2019,Chapinero,431000000
1417,71,1,1,1,6,2011,Usaquén,280000000
1418,76,3,1,1,2,2001,Suba,301500000
1419,130,4,3,1,6,2008,Bosa,452000000
1420,175,1,2,0,6,1981,Teusaquillo,490000000
1421,141,1,2,1,3,2019,Teusaquillo,429000000
1422,70,2,2,0,3,2017,Bosa,290000000
1423,96,1,3,0,3,1990,Kennedy,347000000
1424,150,2,1,1,1,1996,Suba,439000000
1425,133,4,2,1,6,2022,Teusaquillo,450000000
1426,55,4,3,1,6,1987,Usaquén,308000000
1427,196,3,1,1,6,2001,Fontibón,546000000
1428,180,3,2,0,5,1983,Chapinero,520000000
1429,50,3,1,1,3,1990,Suba,250000000
1430,107,1,2,1,4,1987,Chapinero,363000000
1431,173,4,2,0,2,1988,Fontibón,516000000
1432,64,2,2,2,4,2005,Suba,290000000
1433,113,3,1,2,1,1981,Fontibón,378200000
1434,74,2,3,0,1,1995,Teusaquillo,313000000
1435,73,2,1,2,6,2010,Bosa,295000000
1436,61,3,2,0,4,1985,Teusaquillo,282000000
1437,67,4,1,1,6,2000,Bosa,296000000
1438,64,3,3,1,5,2005,Teusaquillo,313500000
1439,76,2,1,2,1,1998,Fontibón,294200000
1440,121,3,3,1,1,2007,Fontibón,420600000
1441,109,2,3,2,4,1987,Fontibón,393800000
1442,194,2,1,2,1,1993,Chapinero,535000000
1443,142,3,2,1,5,2003,Fontibón,450750000
1444,102,1,3,1,5,2016,Teusaquillo,369500000
1445,57,3,1,2,5,2005,Usaquén,278500000
1446,128,1,3,1,2,2010,Fontibón,415050000
1447,76,2,2,0,5,2011,Usaquén,302000000
1448,99,2,1,1,5,2020,Bosa,338250000
1449,180,1,1,1,2,1981,Teusaquillo,491300000
1450,142,2,1,0,6,2004,Fontibón,419000000
1451,73,1,2,1,3,1981,Chapinero,293500000
1452,109,1,3,1,1,2021,Chapinero,379000000
1453,171,2,1,2,5,1980,Bosa,487500000
1454,180,4,3,1,1,2015,Usaquén,550200000
1455,197,1,3,1,4,1991,Kennedy,553800000
1456,95,3,2,0,1,1988,Chapinero,350000000
1457,64,3,1,2,6,2015,Chapinero,303000000
1458,66,2,3,2,2,2020,Chapinero,310500000
1459,175,4,1,2,1,2007,Teusaquillo,516200000
1460,133,2,1,1,1,2017,Chapinero,407000000
1461,58,4,2,2,1,2012,Suba,294000000
1462,112,1,1,0,3,2021,Fontibón,349000000
1463,166,1,1,2,3,2001,Bosa,464000000
1464,179,1,3,0,4,2004,Chapinero,513000000
1465,137,1,2,2,2,1997,Kennedy,421200000
1466,121,3,1,2,1,1985,Kennedy,393400000
1467,188,3,3,0,1,1997,Chapinero,551000000
1468,113,2,2,2,1,1995,Chapinero,388000000
1469,121,4,2,2,1,1994,Suba,420000000
1470,70,1,3,2,3,1987,Chapinero,310000000
1471,67,1,3,1,6,1992,Chapinero,304000000
1472,113,4,3,0,6,2022,Fontibón,411000000
1473,131,4,3,2,4,1986,Kennedy,456600000
1474,159,2,3,0,5,1996,Suba,483000000
1475,144,4,1,0,2,2011,Kennedy,443000000
1476,81,1,1,0,6,2001,Suba,287000000
1477,60,1,2,2,1,1992,Kennedy,266400000
1478,94,1,1,2,6,2002,Chapinero,343000000
1479,82,1,1,0,4,2008,Kennedy,289000000
1480,151,1,1,1,5,2001,Kennedy,433000000
1481,185,2,3,0,6,1980,Suba,535000000
1482,60,1,2,1,4,2008,Bosa,264200000
1483,137,2,2,0,3,1984,Usaquén,424000000
1484,90,1,2,0,5,2014,Suba,320000000
1485,194,3,2,0,4,1989,Suba,548000000
1486,125,3,1,2,6,1998,Suba,415000000
1487,170,3,1,1,3,2016,Teusaquillo,492000000
1488,95,3,3,1,4,1986,Bosa,369200000
1489,129,2,2,0,4,2014,Teusaquillo,408000000
1490,103,2,1,2,6,1992,Teusaquillo,369000000
1491,135,4,1,2,5,1989,Suba,440000000
1492,141,1,3,1,3,1981,Usaquén,443500000
1493,197,3,3,2,1,1985,Suba,577000000
1494,146,2,3,1,2,1987,Chapinero,463750000
1495,51,1,1,1,5,2015,Usaquén,236750000
1496,82,1,1,1,3,2004,Teusaquillo,296000000
1497,126,2,3,2,4,2019,Kennedy,426600000
1498,165,3,2,1,3,1986,Kennedy,494000000
1499,199,4,3,1,2,2002,Bosa,586150000
1500,152,1,3,0,6,1998,Fontibón,459000000
1501,152,4,3,1,2,2001,Bosa,492150000
1502,139,3,3,1,1,1992,Usaquén,458200000
1503,171,3,1,0,1,2000,Teusaquillo,487000000
1504,192,4,2,0,2,1980,Usaquén,554000000
1505,155,3,3,2,5,1998,Usaquén,504500000
1506,168,1,2,1,5,2012,Kennedy,482000000
1507,98,4,2,2,4,1983,Suba,378000000
1508,153,3,2,2,1,2021,Chapinero,478000000
1509,110,4,3,0,4,1982,Fontibón,405000000
1510,172,1,1,2,1,2006,Teusaquillo,480200000
1511,183,3,3,1,2,2020,Usaquén,546850000
1512,58,1,2,0,5,2014,Fontibón,256000000
1513,55,3,2,1,5,2007,Usaquén,279750000
1514,122,2,1,1,2,1985,Kennedy,382600000
1515,152,3,3,0,4,1985,Chapinero,479000000
1516,90,4,2,1,4,2002,Kennedy,354800000
1517,163,3,1,0,3,2012,Fontibón,471000000
1518,57,1,2,1,1,1995,Teusaquillo,259600000
1519,121,1,1,0,4,2003,Usaquén,367000000
1520,141,3,1,2,2,1984,Chapinero,440500000
1521,111,4,3,1,4,2020,Kennedy,411800000
1522,133,2,2,0,5,2021,Fontibón,416000000
1523,111,4,3,1,1,1992,Kennedy,410200000
1524,160,2,2,1,6,1991,Usaquén,483000000
1525,176,1,3,1,3,1984,Usaquén,513500000
1526,56,4,2,0,1,2016,Teusaquillo,282000000
1527,133,2,3,2,5,2010,Chapinero,453500000
1528,181,3,1,2,5,2007,Suba,522000000
1529,183,1,2,2,5,2007,Kennedy,518000000
1530,107,3,2,0,5,2009,Usaquén,374000000
1531,71,1,1,2,2,1997,Fontibón,275100000
1532,176,4,3,0,3,2006,Kennedy,537000000
1533,52,4,2,1,6,2014,Teusaquillo,288000000
1534,176,1,2,1,5,2005,Teusaquillo,502500000
1535,90,1,3,2,5,2018,Usaquén,354500000
1536,155,1,1,0,4,1997,Usaquén,435000000
1537,63,4,3,1,3,2012,Usaquén,317500000
1538,61,2,3,0,1,2004,Bosa,287000000
1539,136,3,3,0,3,2010,Suba,447000000
1540,61,3,2,1,3,2016,Usaquén,288500000
1541,190,4,1,0,6,1981,Kennedy,535000000
1542,74,3,1,1,3,2012,Kennedy,297000000
1543,94,1,3,1,6,2018,Bosa,350000000
1544,171,2,2,1,5,2022,Bosa,497250000
1545,196,3,3,0,5,2022,Chapinero,567000000
1546,104,2,2,1,2,2011,Fontibón,362050000
1547,149,1,2,0,6,1997,Usaquén,438000000
1548,185,3,2,1,6,1996,Kennedy,538000000
1549,168,4,2,1,1,2013,Bosa,508800000
1550,102,2,1,2,4,2018,Kennedy,348600000
1551,81,1,2,2,3,1986,Kennedy,310000000
1552,100,2,2,2,1,2021,Bosa,355600000
1553,93,3,3,0,6,2014,Suba,361000000
1554,131,3,3,0,1,2009,Bosa,437000000
1555,195,4,1,1,2,1991,Bosa,548150000
1556,199,1,3,1,4,2014,Fontibón,558400000
1557,86,1,2,1,6,1990,Bosa,319000000
1558,145,4,3,1,6,1983,Teusaquillo,489000000
1559,105,4,1,0,3,2004,Bosa,365000000
1560,154,1,3,1,4,2011,Kennedy,467800000
1561,108,2,3,1,2,1999,Usaquén,386850000
1562,180,2,1,2,5,2010,Kennedy,507000000
1563,84,4,1,1,1,1983,Fontibón,326600000
1564,142,2,2,1,3,2017,Teusaquillo,441000000
1565,146,1,3,1,6,1980,Bosa,454000000
1566,184,3,2,0,5,1982,Suba,528000000
1567,125,3,3,2,2,2016,Chapinero,438500000
1568,98,2,3,1,4,2001,Bosa,365200000
1569,143,4,2,1,1,1996,Usaquén,461200000
1570,73,4,3,2,3,1993,Chapinero,346000000
1571,197,4,3,1,6,2020,Suba,589000000
1572,86,4,3,0,6,2014,Fontibón,357000000
1573,53,4,1,1,5,1992,Fontibón,267750000
1574,157,2,2,0,5,2014,Suba,464000000
1575,175,3,1,0,1,2022,Kennedy,495000000
1576,69,3,2,1,4,1981,Suba,304000000
1577,99,2,2,2,2,1992,Bosa,354300000
1578,145,4,3,0,4,1995,Usaquén,475000000
1579,154,2,2,2,4,1997,Teusaquillo,474800000
1580,166,3,1,1,4,1986,Bosa,481200000
1581,147,1,1,0,1,2015,Bosa,419000000
1582,115,2,1,1,1,2020,Bosa,367800000
1583,128,4,2,2,2,2009,Chapinero,439500000
1584,55,3,1,1,4,2021,Chapinero,264000000
1585,88,3,2,1,1,2020,Fontibón,339600000
1586,164,3,1,0,2,1986,Bosa,473000000
1587,174,3,1,1,6,1994,Kennedy,501000000
1588,61,4,2,1,2,2019,Fontibón,296050000
1589,180,1,1,1,4,1998,Usaquén,492800000
1590,67,3,3,0,3,2022,Suba,309000000
1591,89,2,2,2,4,2016,Chapinero,346000000
1592,70,1,2,2,3,1981,Bosa,287000000
1593,192,3,2,1,2,2021,Usaquén,549850000
1594,148,1,3,0,6,1992,Fontibón,451000000
1595,75,2,2,1,6,2019,Fontibón,309000000
1596,57,3,1,2,1,2020,Chapinero,271000000
1597,149,2,1,0,6,2022,Fontibón,433000000
1598,136,4,1,2,5,2022,Kennedy,439000000
1599,91,3,2,2,2,2010,Fontibón,350100000
1600,63,3,1,0,1,1995,Teusaquillo,271000000
1601,127,3,2,0,6,2021,Suba,414000000
1602,51,3,1,1,2,1985,Fontibón,251050000
1603,168,4,3,1,4,2007,Teusaquillo,529400000
1604,86,3,3,2,6,2011,Usaquén,373000000
1605,118,1,3,0,3,1989,Fontibón,391000000
1606,90,3,3,0,2,1997,Kennedy,355000000
1607,111,4,2,1,1,1983,Usaquén,397200000
1608,109,3,1,2,4,1988,Bosa,371400000
1609,174,1,3,2,5,1986,Fontibón,516500000
1610,160,4,2,1,4,1987,Chapinero,499000000
1611,63,4,3,0,6,2022,Teusaquillo,311000000
1612,133,1,3,1,3,1986,Teusaquillo,428000000
1613,179,1,2,1,4,2020,Chapinero,507000000
1614,119,1,2,1,5,2019,Suba,385500000
1615,194,1,1,1,1,1982,Bosa,515800000
1616,172,1,1,0,2,1996,Kennedy,469000000
1617,138,4,3,1,3,1981,Teusaquillo,468000000
1618,77,4,3,0,5,1994,Usaquén,339000000
1619,115,3,1,1,6,2008,Kennedy,383000000
1620,54,3,1,2,6,2001,Teusaquillo,281000000
1621,94,2,2,0,6,1983,Bosa,338000000
1622,96,3,1,2,3,1985,Suba,347000000
1623,80,3,1,1,4,2017,Bosa,309200000
1624,188,1,3,1,3,2005,Usaquén,537500000
1625,59,1,1,1,6,1990,Bosa,250000000
1626,167,3,3,0,5,2005,Kennedy,509000000
1627,63,2,1,2,2,1996,Usaquén,272700000
1628,129,1,2,0,2,2003,Chapinero,398000000
1629,142,3,1,0,3,2007,Fontibón,429000000
1630,59,3,1,1,6,2014,Chapinero,278000000
1631,125,4,1,2,1,2010,Kennedy,411400000
1632,143,2,3,1,3,1992,Fontibón,455500000
1633,154,4,2,0,6,2014,Chapinero,478000000
1634,50,2,1,1,4,1995,Fontibón,240400000
1635,182,1,3,2,2,1994,Teusaquillo,531600000
1636,69,2,2,1,2,2022,Bosa,291150000
1637,57,3,3,2,2,1997,Usaquén,300700000
1638,50,3,3,2,1,2016,Fontibón,282200000
1639,106,2,2,1,6,2020,Teusaquillo,376000000
1640,113,2,1,0,6,2006,Bosa,361000000
1641,167,2,3,1,6,2014,Bosa,506000000
1642,77,4,3,0,6,2014,Suba,339000000
1643,170,2,1,0,1,2007,Chapinero,475000000
1644,156,1,1,1,5,2018,Suba,444500000
1645,98,4,2,0,3,2017,Kennedy,366000000
1646,169,4,2,0,3,1988,Teusaquillo,508000000
1647,93,2,2,1,6,1991,Suba,346000000
1648,105,1,1,1,4,1994,Suba,341000000
1649,160,4,3,1,2,2000,Bosa,508150000
1650,183,3,3,0,1,2014,Teusaquillo,541000000
1651,157,4,2,2,4,2021,Bosa,492400000
1652,197,2,1,0,4,2012,Usaquén,529000000
1653,163,1,3,2,6,1998,Fontibón,499000000
1654,127,2,2,1,1,2002,Kennedy,407200000
1655,179,3,3,2,3,1992,Kennedy,541000000
1656,86,3,3,1,2,1980,Chapinero,353750000
1657,69,3,1,1,3,2008,Bosa,286500000
1658,75,2,1,2,4,2003,Fontibón,295800000
1659,78,4,3,1,2,1995,Chapinero,347750000
1660,50,2,2,2,5,2004,Kennedy,262000000
1661,168,1,1,1,4,2002,Fontibón,466400000
1662,84,4,3,0,3,2007,Suba,353000000
1663,108,3,1,0,3,1995,Usaquén,361000000
1664,118,2,1,1,6,2022,Suba,381000000
1665,61,3,1,1,3,2017,Usaquén,273500000
1666,69,3,3,2,1,1990,Bosa,318600000
1667,92,1,2,0,4,1982,Teusaquillo,324000000
1668,175,4,2,2,2,1994,Chapinero,533500000
1669,99,1,2,1,3,1980,Chapinero,345500000
1670,78,1,1,1,6,1986,Teusaquillo,295000000
1671,88,1,3,2,6,1980,Fontibón,349000000
1672,87,3,1,1,3,2011,Teusaquillo,326000000
1673,133,1,2,0,1,1988,Bosa,406000000
1674,177,1,2,2,6,2008,Kennedy,510000000
1675,175,4,3,0,2,2005,Teusaquillo,535000000
1676,94,4,1,0,4,2002,Usaquén,343000000
1677,101,1,2,0,5,2022,Kennedy,342000000
1678,129,4,3,2,1,2008,Teusaquillo,454200000
1679,173,4,1,1,6,2017,Chapinero,516000000
1680,168,1,1,0,4,2012,Suba,461000000
1681,57,3,2,0,5,1986,Usaquén,274000000
1682,134,1,2,0,3,1991,Bosa,408000000
1683,178,4,1,1,3,2010,Usaquén,517500000
1684,57,3,1,1,2,2011,Fontibón,263050000
1685,145,2,2,2,5,1999,Suba,455000000
1686,151,3,1,1,3,1996,Usaquén,453500000
1687,54,4,2,2,3,2015,Teusaquillo,292000000
1688,135,3,1,2,6,1982,Usaquén,441000000
1689,83,1,2,2,2,1980,Usaquén,317700000
1690,104,2,3,2,4,2006,Usaquén,388600000
1691,168,2,2,2,3,2019,Fontibón,495000000
1692,163,2,2,0,1,2012,Usaquén,476000000
1693,194,4,3,1,1,1999,Usaquén,578200000
1694,75,4,1,0,4,1993,Fontibón,305000000
1695,185,2,3,2,5,2015,Kennedy,547000000
1696,96,3,2,1,2,1984,Suba,356500000
1697,162,2,1,0,6,2002,Bosa,459000000
1698,125,3,3,0,1,1994,Kennedy,425000000
1699,121,3,1,2,1,1985,Chapinero,399000000
1700,138,4,1,0,4,2012,Fontibón,431000000
1701,95,3,3,0,5,1998,Fontibón,365000000
1702,82,2,1,0,5,1992,Usaquén,299000000
1703,50,4,3,0,4,2008,Usaquén,285000000
1704,196,1,2,0,1,1985,Bosa,532000000
1705,80,1,1,2,2,1994,Chapinero,298500000
1706,191,4,2,2,1,1995,Usaquén,562400000
1707,102,2,2,0,5,2003,Teusaquillo,354000000
1708,97,1,1,2,6,2002,Usaquén,345000000
1709,118,1,3,2,1,1989,Usaquén,401400000
1710,154,3,1,1,2,2020,Teusaquillo,459300000
1711,139,3,2,0,3,2020,Chapinero,438000000
1712,112,2,2,2,1,1996,Teusaquillo,385200000
1713,122,4,3,2,4,2009,Fontibón,439800000
1714,138,2,1,0,3,1989,Teusaquillo,411000000
1715,62,4,2,1,4,1998,Suba,300000000
1716,122,1,2,0,4,2008,Fontibón,384000000
1717,126,3,2,1,4,1981,Usaquén,419800000
1718,117,2,3,0,1,2015,Bosa,399000000
1719,147,2,2,0,5,1998,Fontibón,444000000
1720,174,4,2,0,3,1986,Chapinero,518000000
1721,151,4,1,0,2,2005,Chapinero,457000000
1722,181,2,1,1,5,1994,Teusaquillo,507500000
1723,151,4,2,1,1,2017,Fontibón,475600000
1724,68,2,2,2,4,1982,Usaquén,301600000
1725,131,2,1,0,2,2017,Chapinero,397000000
1726,190,2,3,1,3,1995,Kennedy,549000000
1727,72,1,3,1,5,1981,Usaquén,308750000
1728,132,4,3,1,6,2010,Kennedy,457000000
1729,158,3,3,0,5,2007,Suba,491000000
1730,124,3,3,2,2,1986,Kennedy,430200000
1731,178,4,3,1,1,2009,Chapinero,547000000
1732,137,2,3,0,3,2022,Teusaquillo,439000000
1733,103,3,3,1,2,1986,Suba,385500000
1734,138,3,1,1,4,2015,Fontibón,426400000
1735,192,4,3,2,3,2008,Usaquén,582000000
1736,114,3,3,1,5,2003,Chapinero,414250000
1737,125,2,3,1,2,2018,Suba,419500000
1738,192,4,2,0,5,1983,Suba,554000000
1739,198,2,1,0,5,2008,Chapinero,531000000
1740,196,3,1,2,5,1984,Fontibón,550500000
1741,109,3,1,0,1,2008,Fontibón,363000000
1742,142,2,3,0,5,2009,Teusaquillo,449000000
1743,98,1,3,2,4,2008,Bosa,359400000
1744,84,3,2,1,4,2005,Kennedy,332800000
1745,151,1,1,2,3,1998,Fontibón,436000000
1746,60,3,3,0,6,2005,Teusaquillo,295000000
1747,148,1,1,2,5,2016,Kennedy,433000000
1748,159,1,2,1,5,2006,Suba,465500000
1749,123,1,2,2,2,2009,Chapinero,399500000
1750,58,2,2,0,1,2009,Fontibón,266000000
1751,52,1,1,0,6,1982,Teusaquillo,229000000
1752,134,1,3,2,3,2022,Suba,433000000
1753,75,1,3,1,6,1986,Fontibón,314000000
1754,121,3,2,2,5,1988,Usaquén,421500000
1755,97,1,3,1,2,2020,Bosa,352150000
1756,166,3,2,1,1,2021,Suba,496000000
1757,61,1,1,2,3,1992,Fontibón,256000000
1758,182,1,2,1,6,1994,Suba,514000000
1759,97,2,1,0,3,1984,Chapinero,329000000
1760,86,3,2,2,5,2008,Chapinero,354500000
1761,93,1,3,1,3,2014,Bosa,344500000
1762,64,3,3,0,2,2006,Chapinero,303000000
1763,92,3,2,2,3,2006,Kennedy,352000000
1764,136,4,3,0,4,1987,Usaquén,457000000
1765,119,2,3,0,2,2011,Chapinero,403000000
1766,95,2,3,0,6,1999,Usaquén,355000000
1767,157,2,1,1,1,1989,Chapinero,455000000
1768,172,4,3,2,1,1992,Kennedy,535400000
1769,70,4,1,2,5,2008,Suba,310000000
1770,156,2,2,1,5,2014,Fontibón,468750000
1771,129,4,3,2,4,1987,Fontibón,453800000
1772,96,4,3,0,6,2008,Chapinero,377000000
1773,166,4,3,2,1,2010,Fontibón,524200000
1774,173,2,2,1,1,2020,Chapinero,502000000
1775,192,2,1,0,1,2009,Chapinero,519000000
1776,74,2,1,1,1,2001,Bosa,285800000
1777,85,4,3,0,3,2000,Teusaquillo,355000000
1778,100,2,2,0,6,1991,Teusaquillo,350000000
1779,64,4,2,2,2,1990,Bosa,304300000
1780,117,1,2,0,2,1981,Teusaquillo,374000000
1781,70,4,2,1,4,2020,Usaquén,317800000
1782,190,3,2,2,3,1981,Teusaquillo,554000000
1783,68,2,1,1,1,2013,Chapinero,277000000
1784,83,2,1,0,1,1982,Kennedy,301000000
1785,127,3,1,1,5,1995,Kennedy,405000000
1786,174,4,3,1,5,1983,Suba,540500000
1787,166,1,2,0,4,2002,Teusaquillo,472000000
1788,101,3,3,2,1,1999,Kennedy,383400000
1789,76,3,2,1,4,2004,Teusaquillo,320400000
1790,84,4,1,0,3,2009,Suba,323000000
1791,185,2,3,2,2,1997,Kennedy,542200000
1792,193,4,1,2,1,2021,Chapinero,553000000
1793,155,3,2,2,6,1990,Usaquén,496000000
1794,195,3,2,1,3,2008,Bosa,553500000
1795,51,2,2,1,1,1996,Bosa,254800000
1796,126,2,1,1,6,2005,Bosa,394000000
1797,181,2,2,2,5,2002,Teusaquillo,533000000
1798,139,4,1,1,4,1999,Kennedy,437800000
1799,138,2,3,0,5,1981,Kennedy,441000000
1800,143,3,2,1,2,2003,Suba,450500000
1801,56,3,2,1,5,2010,Chapinero,283250000
1802,144,1,2,2,1,2006,Fontibón,435200000
1803,157,4,3,1,6,1981,Kennedy,507000000
1804,123,1,2,0,5,1993,Usaquén,386000000
1805,88,3,1,2,1,1983,Suba,329000000
1806,190,1,1,0,2,1992,Kennedy,505000000
1807,120,3,2,2,6,2015,Kennedy,416000000
1808,105,1,2,2,5,2014,Suba,365000000
1809,91,2,3,1,4,1987,Suba,353000000
1810,85,1,3,0,4,1981,Teusaquillo,325000000
1811,133,2,3,2,6,1985,Kennedy,447000000
1812,167,2,2,1,4,2010,Fontibón,489400000
1813,56,4,3,2,5,1989,Usaquén,316500000
1814,103,2,3,2,5,2000,Chapinero,393500000
1815,178,2,1,2,6,2021,Chapinero,521000000
1816,169,1,3,2,5,1989,Fontibón,506500000
1817,155,3,1,2,1,2002,Suba,463000000
1818,96,4,1,2,2,1982,Suba,356000000
1819,172,2,3,1,4,2011,Suba,515000000
1820,190,4,1,2,1,1999,Kennedy,541400000
1821,168,1,2,0,6,1989,Suba,476000000
1822,199,2,2,1,4,2008,Suba,554000000
1823,167,1,3,0,1,2020,Kennedy,489000000
1824,70,4,2,2,5,2013,Kennedy,322000000
1825,186,1,1,0,6,2016,Fontibón,497000000
1826,75,4,2,2,6,1999,Teusaquillo,348000000
1827,58,1,3,2,4,1987,Kennedy,280600000
1828,64,4,3,1,5,1986,Usaquén,322750000
1829,59,3,1,1,4,1985,Suba,269000000
1830,171,1,3,2,3,1990,Teusaquillo,511000000
1831,170,1,2,1,1,1997,Chapinero,486000000
1832,174,3,3,0,3,2021,Fontibón,523000000
1833,121,3,1,1,1,2008,Teusaquillo,392600000
1834,98,1,3,1,2,2004,Kennedy,354600000
1835,140,3,2,0,6,2000,Suba,440000000
1836,86,2,1,1,4,1982,Suba,313000000
1837,117,4,2,2,2,1997,Suba,413000000
1838,99,4,1,0,2,2003,Teusaquillo,353000000
1839,68,4,3,2,6,2017,Suba,341000000
1840,149,2,1,0,6,1989,Kennedy,433000000
1841,109,3,1,2,1,2006,Teusaquillo,374200000
1842,138,3,3,2,3,1991,Suba,461000000
1843,195,1,2,1,5,1986,Chapinero,541250000
1844,196,3,3,2,1,1996,Chapinero,579000000
1845,118,1,1,1,5,1980,Usaquén,370750000
1846,98,2,3,0,2,2005,Suba,361000000
1847,157,4,1,2,5,1994,Suba,484000000
1848,168,4,3,2,3,2012,Teusaquillo,535000000
1849,198,4,3,0,1,2016,Teusaquillo,581000000
1850,199,3,2,0,6,2010,Bosa,558000000
1851,86,1,1,2,3,2014,Suba,307000000
1852,192,1,2,0,3,1980,Usaquén,524000000
1853,60,2,1,1,1,1987,Suba,259000000
1854,187,3,3,0,6,1991,Kennedy,549000000
1855,127,2,1,0,3,1998,Teusaquillo,389000000
1856,126,1,2,2,6,2004,Suba,412000000
1857,51,1,2,1,4,2011,Teusaquillo,250400000
1858,113,4,2,0,4,1991,Suba,396000000
1859,84,3,1,1,4,1992,Fontibón,318400000
1860,56,1,2,1,5,2007,Teusaquillo,262500000
1861,134,4,2,1,3,1980,Usaquén,444500000
1862,195,3,2,2,1,1985,Fontibón,557200000
1863,116,2,3,0,1,1987,Kennedy,397000000
1864,91,3,3,2,5,1983,Suba,372000000
1865,167,3,1,0,1,1984,Bosa,479000000
1866,174,1,1,0,4,2004,Kennedy,473000000
1867,73,1,2,2,3,2001,Teusaquillo,300000000
1868,95,3,3,1,1,2007,Fontibón,368600000
1869,68,1,2,1,1,2018,Kennedy,279200000
1870,117,1,2,0,2,2002,Usaquén,374000000
1871,151,1,3,2,2,1983,Bosa,463300000
1872,91,4,3,1,2,1983,Teusaquillo,373300000
1873,81,4,3,1,3,2000,Fontibón,351500000
1874,158,3,1,0,4,2016,Kennedy,461000000
1875,85,1,1,0,6,2020,Fontibón,295000000
1876,146,4,2,2,4,1981,Fontibón,472800000
1877,180,3,1,0,4,1986,Kennedy,505000000
1878,122,1,3,1,3,1995,Chapinero,406500000
1879,185,2,3,1,3,1996,Suba,540000000
1880,146,1,1,1,2,1999,Teusaquillo,423300000
1881,172,1,2,1,1,2002,Teusaquillo,489600000
1882,119,4,2,2,5,2013,Bosa,418500000
1883,62,3,1,2,5,1990,Bosa,279500000
1884,98,3,2,0,6,2013,Bosa,356000000
1885,109,4,2,0,1,2012,Teusaquillo,388000000
1886,179,1,2,0,6,2005,Fontibón,498000000
1887,54,2,3,2,2,1981,Bosa,279300000
1888,76,1,3,1,6,2002,Kennedy,315000000
1889,198,1,1,0,1,2020,Suba,521000000
1890,57,2,3,1,1,2001,Usaquén,284200000
1891,99,4,2,0,5,2013,Teusaquillo,368000000
1892,116,3,3,0,2,1994,Kennedy,407000000
1893,93,4,1,0,3,1989,Suba,341000000
1894,174,4,3,0,6,1994,Suba,533000000
1895,107,1,2,0,5,2021,Chapinero,354000000
1896,52,3,2,1,6,2008,Kennedy,272000000
1897,135,3,1,0,6,2002,Teusaquillo,415000000
1898,119,4,3,1,3,1996,Bosa,426500000
1899,179,2,3,2,2,1988,Fontibón,531100000
1900,51,4,3,0,1,2015,Bosa,287000000
1901,151,2,2,1,4,1988,Suba,458000000
1902,84,3,1,2,6,1995,Suba,333000000
1903,147,4,3,2,4,2015,Usaquén,494600000
1904,79,1,2,2,2,2012,Bosa,304300000
1905,165,4,2,1,4,2010,Chapinero,509000000
1906,57,3,2,0,6,1985,Suba,274000000
1907,199,1,3,0,3,1989,Suba,553000000
1908,93,1,3,1,4,1995,Fontibón,346400000
1909,85,2,3,0,2,1983,Fontibón,335000000
1910,126,1,3,1,2,2001,Usaquén,412850000
1911,80,1,3,0,3,1992,Kennedy,315000000
1912,96,4,3,2,4,1995,Usaquén,392600000
1913,104,3,3,0,4,2008,Usaquén,383000000
1914,155,2,3,1,1,1985,Fontibón,478600000
1915,170,4,3,1,5,2005,Bosa,530250000
1916,104,1,2,2,2,1990,Bosa,354300000
1917,193,1,3,1,1,2003,Bosa,543800000
1918,61,2,1,0,2,2008,Kennedy,257000000
1919,194,3,2,0,1,1982,Fontibón,548000000
1920,193,2,3,2,5,1989,Chapinero,573500000
1921,189,4,1,1,1,1980,Teusaquillo,538600000
1922,185,2,3,2,2,2022,Teusaquillo,547600000
1923,52,1,1,0,4,2005,Chapinero,229000000
1924,193,4,1,2,2,1991,Bosa,547300000
1925,79,1,1,1,6,1993,Teusaquillo,297000000
1926,72,3,1,2,3,2004,Kennedy,297000000
1927,141,1,2,1,3,1987,Fontibón,426500000
1928,164,1,2,1,6,2022,Teusaquillo,482000000
1929,153,2,1,0,3,1983,Kennedy,441000000
1930,167,1,3,0,3,2007,Fontibón,489000000
1931,54,4,1,0,5,1986,Kennedy,263000000
1932,153,4,2,1,4,1989,Chapinero,485000000
1933,157,3,3,2,4,2015,Usaquén,504600000
1934,114,4,2,1,2,1981,Chapinero,404750000
1935,170,2,2,0,6,2005,Teusaquillo,490000000
1936,79,3,3,0,1,1993,Fontibón,333000000
1937,198,4,1,2,2,1995,Kennedy,558200000
1938,133,2,1,0,2,2022,Teusaquillo,401000000
1939,199,4,1,0,2,2021,Teusaquillo,553000000
1940,81,4,1,0,2,1996,Usaquén,317000000
1941,65,1,3,2,4,2001,Bosa,293400000
1942,87,4,3,1,1,1983,Teusaquillo,364600000
1943,191,4,3,0,2,1998,Usaquén,567000000
1944,85,2,2,2,4,1981,Fontibón,330800000
1945,163,2,3,0,2,2018,Fontibón,491000000
1946,115,1,1,2,3,1988,Kennedy,363000000
1947,154,4,2,0,2,1998,Bosa,478000000
1948,134,1,1,2,6,1995,Usaquén,419000000
1949,51,4,1,0,6,2004,Chapinero,257000000
1950,124,3,3,1,2,1997,Fontibón,427050000
1951,116,3,3,0,5,2002,Bosa,407000000
1952,104,1,1,2,3,2000,Kennedy,341000000
1953,55,1,1,0,1,1990,Chapinero,235000000
1954,199,1,2,1,2,2018,Fontibón,542050000
1955,192,2,3,0,1,2020,Fontibón,549000000
1956,135,2,2,2,3,1983,Kennedy,428000000
1957,109,2,2,2,2,2004,Kennedy,375200000
1958,150,1,2,1,5,2011,Suba,447500000
1959,61,4,1,2,4,2009,Teusaquillo,293800000
1960,98,3,2,0,5,2005,Teusaquillo,356000000
1961,91,1,2,0,5,2015,Chapinero,322000000
1962,131,2,1,0,4,2013,Teusaquillo,397000000
1963,84,2,3,2,4,1988,Chapinero,351000000
1964,183,1,3,0,6,1991,Bosa,521000000
1965,116,1,2,0,4,1981,Fontibón,372000000
1966,129,2,1,0,2,2017,Suba,393000000
1967,56,4,3,1,1,1984,Suba,301000000
1968,63,2,2,2,6,1984,Fontibón,294000000
1969,122,2,2,2,6,2001,Kennedy,410000000
1970,192,1,1,2,1,1984,Usaquén,519400000
1971,198,4,2,1,6,1983,Usaquén,579000000
1972,115,2,3,2,4,1988,Teusaquillo,411800000
1973,140,2,1,1,5,2008,Kennedy,421000000
1974,179,3,3,1,3,2001,Chapinero,540500000
1975,69,1,3,2,4,2006,Bosa,301400000
1976,59,3,3,0,5,1989,Suba,293000000
1977,74,3,2,0,5,1995,Teusaquillo,308000000
1978,74,2,2,2,6,2021,Fontibón,316000000
1979,103,1,3,2,2,2021,Kennedy,368200000
1980,82,4,3,1,2,1989,Suba,353500000
1981,144,2,1,2,6,1985,Chapinero,453000000
1982,63,4,1,1,6,1984,Chapinero,296000000
1983,114,4,2,2,1,1985,Usaquén,408400000
1984,159,1,2,0,1,2004,Teusaquillo,458000000
1985,129,3,1,0,3,1983,Fontibón,403000000
1986,103,1,3,2,3,2019,Suba,371000000
1987,174,4,2,1,3,2011,Bosa,521500000
1988,180,2,3,0,3,2014,Chapinero,525000000
1989,183,4,1,1,5,1989,Suba,528500000
1990,74,2,2,2,5,2013,Fontibón,311500000
1991,190,2,2,2,1,2015,Suba,538000000
1992,166,1,1,0,2,1985,Teusaquillo,457000000
1993,185,4,2,2,6,2022,Usaquén,566000000
1994,198,3,1,0,2,1995,Suba,541000000
1995,74,4,2,1,4,1998,Kennedy,322800000
1996,128,4,1,0,5,2013,Usaquén,411000000
1997,117,3,2,0,3,2004,Fontibón,394000000
1998,61,1,3,1,3,2010,Usaquén,283500000
1999,81,4,3,0,4,2020,Suba,347000000
2000,177,4,3,0,2,1996,Suba,539000000
